2026-02-23,12:48:18,1771843698,1
2026-02-23,12:48:28,1771843708,1
2026-02-23,12:51:50,1771843910,1
2026-02-23,12:52:00,1771843920,1
2026-02-23,12:54:58,1771844098,1
2026-02-23,12:55:53,1771844153,1
2026-02-23,12:56:01,1771844161,1
2026-02-23,12:57:07,1771844227,1
2026-02-23,12:57:17,1771844237,1
2026-02-23,12:57:27,1771844247,1
2026-02-23,12:57:44,1771844264,1
2026-02-23,12:57:53,1771844273,1
2026-02-23,12:58:03,1771844283,1
2026-02-23,13:07:21,1771844841,1
2026-02-23,13:07:29,1771844849,1
2026-02-23,13:07:39,1771844859,1
2026-02-23,13:08:02,1771844882,1
2026-02-23,13:08:11,1771844891,1
2026-02-23,13:09:18,1771844958,1
2026-02-23,13:09:29,1771844969,1
2026-02-23,13:10:01,1771845001,1
2026-02-23,13:10:09,1771845009,1
2026-02-23,13:15:08,1771845308,1
2026-02-23,13:15:17,1771845317,1
2026-02-23,13:15:27,1771845327,1
2026-02-23,13:15:37,1771845337,1
2026-02-23,13:15:47,1771845347,1
2026-02-23,13:22:34,1771845754,1
2026-02-23,13:22:43,1771845763,1
2026-02-23,13:22:53,1771845773,1
2026-02-23,13:24:19,1771845859,1
2026-02-23,13:24:51,1771845891,1
2026-02-23,13:28:28,1771846108,1
2026-02-23,13:28:38,1771846118,1
2026-02-23,13:28:49,1771846129,1
2026-02-23,13:28:59,1771846139,1
2026-02-23,13:29:09,1771846149,1
2026-02-23,13:29:20,1771846160,1
2026-02-23,13:29:30,1771846170,1
2026-02-23,13:29:40,1771846180,1
2026-02-23,13:29:50,1771846190,1
2026-02-23,13:30:00,1771846200,1
2026-02-23,13:30:12,1771846212,1
2026-02-23,13:30:22,1771846222,1
2026-02-23,13:30:31,1771846231,1
2026-02-23,13:30:42,1771846242,1
2026-02-23,13:30:52,1771846252,1
2026-02-23,13:31:02,1771846262,1
2026-02-23,13:31:12,1771846272,1
2026-02-23,13:31:23,1771846283,1
2026-02-23,13:31:33,1771846293,1
2026-02-23,13:31:43,1771846303,1
2026-02-23,13:31:54,1771846314,1
2026-02-23,13:32:04,1771846324,1
2026-02-23,13:32:14,1771846334,1
2026-02-23,13:32:24,1771846344,1
2026-02-23,13:32:34,1771846354,1
2026-02-23,13:32:45,1771846365,1
2026-02-23,13:32:55,1771846375,1
2026-02-23,14:04:25,1771848265,1
2026-02-23,14:04:35,1771848275,1
2026-02-23,14:04:45,1771848285,1
2026-02-23,14:04:55,1771848295,1
2026-02-23,14:05:06,1771848306,1
2026-02-23,14:05:17,1771848317,1
2026-02-23,14:05:26,1771848326,1
2026-02-23,14:05:37,1771848337,1
2026-02-23,14:05:47,1771848347,1
2026-02-23,14:05:57,1771848357,1
2026-02-23,14:06:07,1771848367,1
2026-02-23,14:06:17,1771848377,1
2026-02-23,14:06:28,1771848388,1
2026-02-23,14:06:38,1771848398,1
2026-02-23,14:06:48,1771848408,1
2026-02-23,14:06:58,1771848418,1
2026-02-23,14:07:09,1771848429,1
2026-02-23,14:07:19,1771848439,1
2026-02-23,14:07:29,1771848449,1
2026-02-23,14:07:39,1771848459,1
2026-02-23,14:07:50,1771848470,1
2026-02-23,14:08:00,1771848480,1
2026-02-23,14:08:10,1771848490,1
2026-02-23,14:08:20,1771848500,1
2026-02-23,14:08:31,1771848511,1
2026-02-23,14:08:41,1771848521,1
2026-02-23,14:08:51,1771848531,1
2026-02-23,14:09:01,1771848541,1
2026-02-23,14:09:36,1771848576,1
2026-02-23,14:09:44,1771848584,1
2026-02-23,14:10:18,1771848618,1
2026-02-23,14:10:27,1771848627,1
2026-02-23,14:10:44,1771848644,1
2026-02-23,14:10:53,1771848653,1
2026-02-23,14:11:26,1771848686,1
2026-02-23,14:11:36,1771848696,1
2026-02-23,14:11:46,1771848706,1
2026-02-23,14:11:56,1771848716,1
2026-02-23,14:12:06,1771848726,1
2026-02-23,14:12:17,1771848737,1
2026-02-23,14:12:27,1771848747,1
2026-02-23,14:12:37,1771848757,1
2026-02-23,14:12:47,1771848767,1
2026-02-23,14:13:09,1771848789,1
2026-02-23,14:13:17,1771848797,1
2026-02-23,14:14:16,1771848856,1
2026-02-23,14:14:26,1771848866,1
2026-02-23,14:14:36,1771848876,1
2026-02-23,14:20:41,1771849241,1
2026-02-23,14:20:50,1771849250,1
2026-02-23,14:21:00,1771849260,1
2026-02-23,14:21:10,1771849270,1
2026-02-23,14:21:21,1771849281,1
2026-02-23,14:21:31,1771849291,1
2026-02-23,14:21:41,1771849301,1
2026-02-23,14:21:52,1771849312,1
2026-02-23,14:22:02,1771849322,1
2026-02-23,14:22:12,1771849332,1
2026-02-23,14:22:24,1771849344,1
2026-02-23,14:22:33,1771849353,1
2026-02-23,14:22:43,1771849363,1
2026-02-23,14:22:53,1771849373,1
2026-02-23,14:23:09,1771849389,1
2026-02-23,14:23:19,1771849399,1
2026-02-23,14:24:36,1771849476,1
2026-02-23,14:24:45,1771849485,1
2026-02-23,14:26:50,1771849610,1
2026-02-23,14:26:59,1771849619,1
2026-02-23,14:27:10,1771849630,1
2026-02-23,14:27:20,1771849640,1
2026-02-23,14:30:10,1771849810,1
2026-02-23,14:30:21,1771849821,1
2026-02-23,14:30:31,1771849831,1
2026-02-23,14:30:44,1771849844,1
2026-02-23,14:30:54,1771849854,1
2026-02-23,14:31:10,1771849870,1
2026-02-23,14:31:19,1771849879,1
2026-02-23,14:31:30,1771849890,1
2026-02-23,14:31:40,1771849900,1
2026-02-23,14:31:50,1771849910,1
2026-02-23,14:32:06,1771849926,1
2026-02-23,14:32:15,1771849935,1
2026-02-23,14:32:25,1771849945,1
2026-02-23,14:32:35,1771849955,1
2026-02-23,14:32:46,1771849966,1
2026-02-23,14:32:56,1771849976,1
2026-02-23,14:33:06,1771849986,1
2026-02-23,14:33:16,1771849996,1
2026-02-23,14:33:27,1771850007,1
2026-02-23,14:33:37,1771850017,1
2026-02-23,14:33:47,1771850027,1
2026-02-23,14:33:57,1771850037,1
2026-02-23,14:34:12,1771850052,1
2026-02-23,14:34:22,1771850062,1
2026-02-23,14:34:35,1771850075,1
2026-02-23,14:34:48,1771850088,1
2026-02-23,14:34:58,1771850098,1
2026-02-23,14:35:08,1771850108,1
2026-02-23,14:35:19,1771850119,1
2026-02-23,14:35:29,1771850129,1
2026-02-23,14:35:39,1771850139,1
2026-02-23,14:35:49,1771850149,1
2026-02-23,14:36:00,1771850160,1
2026-02-23,14:36:10,1771850170,1
2026-02-23,14:36:20,1771850180,1
2026-02-23,14:36:30,1771850190,1
2026-02-23,14:36:41,1771850201,1
2026-02-23,14:36:51,1771850211,1
2026-02-23,14:37:01,1771850221,1
2026-02-23,14:37:23,1771850243,1
2026-02-23,14:37:33,1771850253,1
2026-02-23,14:37:43,1771850263,1
2026-02-23,14:37:53,1771850273,1
2026-02-23,14:38:13,1771850293,1
2026-02-23,14:38:23,1771850303,1
2026-02-23,14:38:33,1771850313,1
2026-02-23,14:38:43,1771850323,1
2026-02-23,14:38:54,1771850334,1
2026-02-23,14:39:04,1771850344,1
2026-02-23,14:39:14,1771850354,1
2026-02-23,14:39:25,1771850365,1
2026-02-23,14:39:35,1771850375,1
2026-02-23,14:39:45,1771850385,1
2026-02-23,14:39:56,1771850396,1
2026-02-23,14:41:37,1771850497,1
2026-02-23,14:41:46,1771850506,1
2026-02-23,14:41:57,1771850517,1
2026-02-23,14:42:07,1771850527,1
2026-02-23,14:42:20,1771850540,1
2026-02-23,14:42:30,1771850550,1
2026-02-23,14:42:40,1771850560,1
2026-02-23,14:42:50,1771850570,1
2026-02-23,14:43:01,1771850581,1
2026-02-23,14:43:11,1771850591,1
2026-02-23,14:43:21,1771850601,1
2026-02-23,14:43:31,1771850611,1
2026-02-23,14:43:41,1771850621,1
2026-02-23,14:44:08,1771850648,1
2026-02-23,14:45:57,1771850757,1
2026-02-23,14:46:06,1771850766,1
2026-02-23,14:46:21,1771850781,1
2026-02-23,14:47:44,1771850864,1
2026-02-23,14:47:54,1771850874,1
2026-02-23,14:48:06,1771850886,1
2026-02-23,14:48:15,1771850895,1
2026-02-23,14:48:25,1771850905,1
2026-02-23,14:48:36,1771850916,1
2026-02-23,14:50:34,1771851034,1
2026-02-23,14:50:43,1771851043,1
2026-02-23,14:50:54,1771851054,1
2026-02-23,14:51:04,1771851064,1
2026-02-23,14:51:14,1771851074,1
2026-02-23,14:51:24,1771851084,1
2026-02-23,14:51:35,1771851095,1
2026-02-23,14:51:45,1771851105,1
2026-02-23,14:51:55,1771851115,1
2026-02-23,14:52:07,1771851127,1
2026-02-23,14:52:16,1771851136,1
2026-02-23,14:52:26,1771851146,1
2026-02-23,14:52:36,1771851156,1
2026-02-23,14:52:46,1771851166,1
2026-02-23,14:52:57,1771851177,1
2026-02-23,14:53:07,1771851187,1
2026-02-23,14:53:17,1771851197,1
2026-02-23,14:54:10,1771851250,1
2026-02-23,14:54:20,1771851260,1
2026-02-23,14:54:30,1771851270,1
2026-02-23,14:54:40,1771851280,1
2026-02-23,14:54:59,1771851299,1
2026-02-23,14:55:08,1771851308,1
2026-02-23,14:55:18,1771851318,1
2026-02-23,14:55:28,1771851328,1
2026-02-23,14:55:38,1771851338,1
2026-02-23,14:55:49,1771851349,1
2026-02-23,14:56:03,1771851363,1
2026-02-23,14:56:54,1771851414,1
2026-02-23,14:57:45,1771851465,1
2026-02-23,15:01:04,1771851664,1
2026-02-23,15:01:54,1771851714,1
2026-02-23,15:20:45,1771852845,1
2026-02-23,15:21:34,1771852894,1
2026-02-23,15:22:35,1771852955,1
2026-02-23,15:23:25,1771853005,1
2026-02-23,15:24:23,1771853063,1
2026-02-23,15:25:18,1771853118,1
2026-02-23,15:26:09,1771853169,1
2026-02-23,15:27:00,1771853220,1
2026-02-23,15:28:07,1771853287,1
2026-02-23,15:29:00,1771853340,1
2026-02-23,15:29:57,1771853397,1
2026-02-23,15:30:50,1771853450,1
2026-02-23,15:31:47,1771853507,1
2026-02-23,15:32:37,1771853557,1
2026-02-23,15:33:34,1771853614,1
2026-02-23,15:36:26,1771853786,1
2026-02-23,15:37:17,1771853837,1
2026-02-23,15:38:32,1771853912,1
2026-02-23,15:40:54,1771854054,1
2026-02-23,15:42:06,1771854126,1
2026-02-23,15:42:56,1771854176,1
2026-02-23,15:43:47,1771854227,1
2026-02-23,15:44:38,1771854278,1
2026-02-23,15:45:29,1771854329,1
2026-02-23,15:46:20,1771854380,1
2026-02-23,15:47:17,1771854437,1
2026-02-23,15:48:08,1771854488,1
2026-02-23,15:50:43,1771854643,1
2026-02-23,15:52:44,1771854764,1
2026-02-23,15:53:35,1771854815,1
2026-02-23,15:55:26,1771854926,1
2026-02-23,15:57:19,1771855039,1
2026-02-23,15:58:10,1771855090,1
2026-02-23,15:59:01,1771855141,1
2026-02-23,15:59:54,1771855194,1
2026-02-23,16:01:12,1771855272,1
2026-02-23,16:03:06,1771855386,1
2026-02-23,16:03:55,1771855435,1
2026-02-23,16:04:46,1771855486,1
2026-02-23,16:05:38,1771855538,1
2026-02-23,16:06:45,1771855605,1
2026-02-23,16:07:35,1771855655,1
2026-02-23,16:08:26,1771855706,1
2026-02-23,16:09:17,1771855757,1
2026-02-23,16:10:09,1771855809,1
2026-02-23,16:11:00,1771855860,1
2026-02-23,16:11:51,1771855911,1
2026-02-23,16:12:42,1771855962,1
2026-02-23,16:13:33,1771856013,1
2026-02-23,16:14:24,1771856064,1
2026-02-23,16:15:16,1771856116,1
2026-02-23,16:16:07,1771856167,1
2026-02-23,16:16:58,1771856218,1
2026-02-23,16:17:49,1771856269,1
2026-02-23,16:18:40,1771856320,1
2026-02-23,16:19:31,1771856371,1
2026-02-23,16:20:23,1771856423,1
2026-02-23,16:21:14,1771856474,1
2026-02-23,16:22:05,1771856525,1
2026-02-23,16:22:56,1771856576,1
2026-02-23,16:23:46,1771856626,1
2026-02-23,16:24:37,1771856677,1
2026-02-23,16:25:29,1771856729,1
2026-02-23,16:26:19,1771856779,1
2026-02-23,16:30:59,1771857059,1
2026-02-23,16:32:04,1771857124,1
2026-02-23,16:35:39,1771857339,1
2026-02-23,16:38:38,1771857518,1
2026-02-23,16:39:38,1771857578,1
2026-02-23,16:40:29,1771857629,1
2026-02-23,16:41:19,1771857679,1
2026-02-23,16:42:10,1771857730,1
2026-02-25,07:42:18,1771998138,1
2026-02-25,07:45:31,1771998331,1
2026-02-25,09:42:00,1772005320,1
2026-02-25,13:56:57,1772020617,1
2026-02-25,14:23:48,1772022228,1
2026-02-25,14:29:58,1772022598,1
2026-02-25,14:30:48,1772022648,1
2026-02-25,14:36:10,1772022970,1
2026-02-25,15:35:08,1772026508,1
2026-02-25,15:59:02,1772027942,1
2026-02-25,16:01:27,1772028087,1
2026-02-25,16:02:18,1772028138,1
2026-02-25,16:03:33,1772028213,1
2026-02-25,16:05:48,1772028348,1
2026-02-25,16:13:59,1772028839,1
2026-02-25,16:20:23,1772029223,1
2026-02-25,16:21:25,1772029285,1
2026-02-25,16:23:21,1772029401,1
2026-02-25,16:38:33,1772030313,1
2026-02-25,16:39:22,1772030362,1
2026-02-25,16:40:13,1772030413,1
2026-02-25,16:41:05,1772030465,1
2026-02-25,16:44:59,1772030699,1
2026-02-25,16:45:50,1772030750,1
2026-02-25,16:52:02,1772031122,1
2026-02-25,17:02:12,1772031732,1
2026-02-25,17:03:17,1772031797,1
2026-02-25,17:07:12,1772032032,1
2026-02-25,17:24:39,1772033079,1
2026-02-25,17:26:50,1772033210,1
2026-02-25,17:29:53,1772033393,1
2026-02-25,17:37:14,1772033834,1
2026-02-25,17:38:06,1772033886,1
2026-02-25,17:41:29,1772034089,1
2026-02-25,18:00:13,1772035213,1
2026-02-25,18:01:41,1772035301,1
2026-02-26,11:45:15,1772099115,1
2026-02-26,11:46:04,1772099164,1
2026-02-26,11:55:19,1772099719,1
2026-02-26,11:56:08,1772099768,1
2026-02-26,11:57:13,1772099833,1
2026-02-26,11:58:03,1772099883,1
2026-02-26,11:59:06,1772099946,1
2026-02-26,11:59:55,1772099995,1
2026-02-26,12:01:34,1772100094,1
2026-02-26,12:01:34,1772100094,1
2026-02-26,12:02:52,1772100172,1
2026-02-26,12:02:52,1772100172,1
2026-02-26,12:03:47,1772100227,1
2026-02-26,12:03:47,1772100227,1
2026-02-26,12:06:37,1772100397,1
2026-02-26,12:07:56,1772100476,1
2026-02-26,12:08:16,1772100496,1
2026-02-26,12:10:06,1772100606,1
2026-02-26,12:14:52,1772100892,1
2026-02-26,12:15:23,1772100923,1
2026-02-26,12:19:09,1772101149,1
2026-02-26,12:28:30,1772101710,1
2026-02-26,12:28:52,1772101732,1
2026-02-26,12:30:26,1772101826,1
2026-02-26,12:31:20,1772101880,1
2026-02-26,12:31:41,1772101901,1
2026-02-26,12:32:03,1772101923,1
2026-02-26,17:12:26,1772118746,1
2026-02-26,17:12:48,1772118768,1
2026-02-26,17:13:10,1772118790,1
2026-02-26,17:13:33,1772118813,1
2026-02-26,17:13:56,1772118836,1
2026-02-26,17:14:18,1772118858,1
2026-02-26,17:14:41,1772118881,1
2026-02-26,17:52:28,1772121148,1
2026-02-26,17:52:50,1772121170,1
2026-02-26,17:53:11,1772121191,1
2026-02-26,17:53:34,1772121214,1
2026-02-26,17:54:28,1772121268,1
2026-02-26,17:57:32,1772121452,1
2026-02-26,18:26:22,1772123182,1
2026-02-26,18:26:44,1772123204,1
2026-02-26,18:27:05,1772123225,1
2026-02-26,18:29:21,1772123361,1
2026-02-26,18:29:44,1772123384,1
2026-02-26,18:30:04,1772123404,1
2026-02-26,18:30:26,1772123426,1
2026-02-26,18:30:49,1772123449,1
2026-02-26,18:39:31,1772123971,1
2026-02-26,18:40:25,1772124025,1
2026-02-26,18:47:09,1772124429,1
2026-02-26,18:50:48,1772124648,1
2026-02-26,18:52:24,1772124744,1
2026-02-26,18:53:27,1772124807,1
2026-02-26,18:54:15,1772124855,1
2026-02-26,18:58:11,1772125091,1
2026-02-26,18:59:03,1772125143,1
2026-02-26,18:59:24,1772125164,1
2026-02-26,19:01:33,1772125293,1
2026-02-26,19:01:56,1772125316,1
2026-02-26,19:02:17,1772125337,1
2026-02-26,19:12:05,1772125925,1
2026-02-26,19:12:26,1772125946,1
2026-02-26,19:13:32,1772126012,1
2026-02-26,19:16:12,1772126172,1
2026-02-26,19:19:32,1772126372,1
2026-02-26,19:19:55,1772126395,1
2026-02-26,19:20:37,1772126437,1
2026-02-26,19:22:08,1772126528,1
2026-02-26,19:22:30,1772126550,1
2026-02-26,19:22:53,1772126573,1
2026-02-26,19:23:15,1772126595,1
2026-02-26,19:23:38,1772126618,1
2026-02-26,19:24:00,1772126640,1
2026-02-26,19:24:23,1772126663,1
2026-02-26,19:24:45,1772126685,1
2026-02-26,19:25:08,1772126708,1
2026-02-26,19:25:30,1772126730,1
2026-02-26,19:25:53,1772126753,1
2026-02-26,19:26:15,1772126775,1
2026-02-26,19:26:38,1772126798,1
2026-02-26,19:27:00,1772126820,1
2026-02-26,19:27:23,1772126843,1
2026-02-26,19:28:43,1772126923,1
2026-02-26,19:29:05,1772126945,1
2026-02-26,19:29:28,1772126968,1
2026-02-26,19:29:51,1772126991,1
2026-02-26,19:30:13,1772127013,1
2026-02-26,19:30:36,1772127036,1
2026-02-26,19:30:57,1772127057,1
2026-02-26,19:31:19,1772127079,1
2026-02-26,19:31:42,1772127102,1
2026-02-26,19:32:04,1772127124,1
2026-02-26,19:32:58,1772127178,1
2026-02-26,19:33:19,1772127199,1
2026-02-26,19:33:41,1772127221,1
2026-02-26,19:34:04,1772127244,1
2026-02-26,19:34:27,1772127267,1
2026-02-26,19:34:49,1772127289,1
2026-02-26,19:35:12,1772127312,1
2026-02-26,19:35:34,1772127334,1
2026-02-26,19:35:55,1772127355,1
2026-02-26,19:36:16,1772127376,1
2026-02-26,19:46:56,1772128016,1
2026-02-26,19:47:34,1772128054,1
2026-02-26,19:47:56,1772128076,1
2026-02-26,19:48:18,1772128098,1
2026-02-26,19:49:53,1772128193,1
2026-02-26,19:50:14,1772128214,1
2026-02-26,19:50:36,1772128236,1
2026-02-26,19:51:08,1772128268,1
2026-02-26,19:51:29,1772128289,1
2026-02-26,19:51:56,1772128316,1
2026-02-26,19:52:19,1772128339,1
2026-02-26,19:52:42,1772128362,1
2026-02-26,19:53:04,1772128384,1
2026-02-26,19:53:27,1772128407,1
2026-02-26,19:53:49,1772128429,1
2026-02-26,19:54:12,1772128452,1
2026-02-26,19:55:03,1772128503,1
2026-02-26,19:55:38,1772128538,1
2026-02-26,19:56:02,1772128562,1
2026-02-26,19:58:12,1772128692,1
2026-02-26,19:58:34,1772128714,1
2026-02-26,19:58:57,1772128737,1
2026-02-26,19:59:20,1772128760,1
2026-02-26,19:59:41,1772128781,1
2026-02-26,20:00:03,1772128803,1
2026-02-26,20:00:26,1772128826,1
2026-02-26,20:00:49,1772128849,1
2026-02-26,20:01:11,1772128871,1
2026-02-26,20:02:32,1772128952,1
2026-02-26,20:04:53,1772129093,1
2026-02-26,20:05:13,1772129113,1
2026-02-26,20:05:35,1772129135,1
2026-02-26,20:06:57,1772129217,1
2026-02-26,20:07:18,1772129238,1
2026-02-26,20:11:20,1772129480,1
2026-02-26,20:11:41,1772129501,1
2026-02-26,20:16:08,1772129768,1
2026-02-26,20:16:30,1772129790,1
2026-02-26,20:16:53,1772129813,1
2026-02-26,20:17:15,1772129835,1
2026-02-26,20:17:36,1772129856,1
2026-02-26,20:18:29,1772129909,1
2026-02-26,20:18:56,1772129936,1
2026-02-26,20:19:31,1772129971,1
2026-02-26,20:19:52,1772129992,1
2026-02-26,20:20:22,1772130022,1
2026-02-26,20:20:43,1772130043,1
2026-02-26,20:22:30,1772130150,1
2026-02-26,20:23:32,1772130212,1
2026-02-26,20:24:54,1772130294,1
2026-02-26,20:25:53,1772130353,1
2026-02-26,20:26:42,1772130402,1
2026-02-26,20:27:45,1772130465,1
2026-02-26,20:28:22,1772130502,1
2026-02-26,20:46:13,1772131573,1
2026-02-26,20:54:32,1772132072,1
2026-02-26,21:23:48,1772133828,1
2026-02-27,08:08:31,1772172511,1
2026-02-27,08:08:52,1772172532,1
2026-02-27,08:09:15,1772172555,1
2026-02-27,08:09:37,1772172577,1
2026-02-27,08:10:00,1772172600,1
2026-02-27,08:10:22,1772172622,1
2026-02-27,16:52:19,1772203939,1
2026-02-27,16:52:41,1772203961,1
2026-02-27,16:53:04,1772203984,1
2026-02-27,16:54:16,1772204056,1
2026-02-27,17:09:46,1772204986,1
2026-02-27,17:10:08,1772205008,1
2026-02-27,17:10:31,1772205031,1
2026-02-27,17:10:54,1772205054,1
2026-02-27,17:11:15,1772205075,1
2026-02-27,17:11:36,1772205096,1
2026-02-27,17:12:00,1772205120,1
2026-02-27,17:20:52,1772205652,1
2026-02-27,17:46:05,1772207165,1
2026-02-27,18:07:01,1772208421,1
2026-02-27,18:09:18,1772208558,1
2026-02-27,18:09:39,1772208579,1
2026-02-27,18:26:20,1772209580,1
2026-02-27,18:26:42,1772209602,1
2026-02-27,18:30:40,1772209840,1
2026-02-27,18:31:01,1772209861,1
2026-02-27,18:31:23,1772209883,1
2026-02-27,18:37:41,1772210261,1
2026-02-27,19:03:16,1772211796,1
2026-02-27,19:03:41,1772211821,1
2026-02-27,19:04:02,1772211842,1
2026-02-27,19:04:25,1772211865,1
2026-02-27,19:04:47,1772211887,1
2026-02-27,19:05:10,1772211910,1
2026-02-27,19:17:06,1772212626,1
2026-02-27,19:17:28,1772212648,1
2026-02-27,19:18:24,1772212704,1
2026-02-27,19:35:34,1772213734,1
2026-02-27,19:35:55,1772213755,1
2026-02-27,19:36:18,1772213778,1
2026-02-27,19:36:39,1772213799,1
2026-02-27,19:37:28,1772213848,1
2026-02-27,19:39:29,1772213969,1
2026-02-27,19:49:34,1772214574,1
2026-02-28,08:00:32,1772258432,1
2026-02-28,08:00:54,1772258454,1
2026-02-28,08:01:17,1772258477,1
2026-02-28,08:01:39,1772258499,1
2026-02-28,08:02:02,1772258522,1
2026-02-28,08:02:25,1772258545,1
2026-02-28,08:02:47,1772258567,1
2026-02-28,11:41:20,1772271680,1
2026-02-28,11:41:41,1772271701,1
2026-02-28,11:42:02,1772271722,1
2026-02-28,11:42:25,1772271745,1
2026-02-28,11:45:45,1772271945,1
2026-02-28,11:46:08,1772271968,1
2026-02-28,11:49:28,1772272168,1
2026-02-28,11:49:50,1772272190,1
2026-02-28,11:50:13,1772272213,1
2026-02-28,11:51:51,1772272311,1
2026-02-28,11:52:13,1772272333,1
2026-02-28,11:52:35,1772272355,1
2026-02-28,11:56:42,1772272602,1
2026-02-28,11:57:03,1772272623,1
2026-02-28,12:07:34,1772273254,1
2026-02-28,12:07:56,1772273276,1
2026-02-28,12:08:55,1772273335,1
2026-02-28,12:09:17,1772273357,1
2026-02-28,12:12:24,1772273544,1
2026-02-28,12:16:07,1772273767,1
2026-02-28,12:16:35,1772273795,1
2026-02-28,12:16:56,1772273816,1
2026-02-28,12:17:19,1772273839,1
2026-02-28,12:17:42,1772273862,1
2026-02-28,12:18:08,1772273888,1
2026-02-28,12:18:30,1772273910,1
2026-02-28,12:22:18,1772274138,1
2026-02-28,12:23:04,1772274184,1
2026-02-28,12:23:25,1772274205,1
2026-02-28,12:29:18,1772274558,1
2026-02-28,12:29:39,1772274579,1
2026-02-28,12:30:02,1772274602,1
2026-02-28,12:30:24,1772274624,1
2026-02-28,12:30:46,1772274646,1
2026-02-28,12:31:22,1772274682,1
2026-02-28,12:32:41,1772274761,1
2026-02-28,12:33:39,1772274819,1
2026-02-28,12:34:15,1772274855,1
2026-02-28,12:34:35,1772274875,1
2026-02-28,12:34:58,1772274898,1
2026-02-28,12:35:21,1772274921,1
2026-02-28,12:35:43,1772274943,1
2026-02-28,12:36:06,1772274966,1
2026-02-28,12:36:28,1772274988,1
2026-02-28,12:36:51,1772275011,1
2026-02-28,12:37:13,1772275033,1
2026-02-28,12:37:36,1772275056,1
2026-02-28,12:37:58,1772275078,1
2026-02-28,12:38:21,1772275101,1
2026-02-28,12:38:43,1772275123,1
2026-02-28,12:39:06,1772275146,1
2026-02-28,12:39:29,1772275169,1
2026-02-28,12:43:12,1772275392,1
2026-02-28,12:48:18,1772275698,1
2026-02-28,12:48:39,1772275719,1
2026-02-28,12:49:15,1772275755,1
2026-02-28,12:49:38,1772275778,1
2026-02-28,12:50:01,1772275801,1
2026-02-28,12:50:23,1772275823,1
2026-02-28,12:50:46,1772275846,1
2026-02-28,12:51:09,1772275869,1
2026-02-28,12:51:38,1772275898,1
2026-02-28,12:51:59,1772275919,1
2026-02-28,12:52:20,1772275940,1
2026-02-28,12:52:43,1772275963,1
2026-02-28,12:53:06,1772275986,1
2026-02-28,12:53:28,1772276008,1
2026-02-28,12:53:51,1772276031,1
2026-02-28,12:54:13,1772276053,1
2026-02-28,12:54:36,1772276076,1
2026-02-28,12:54:58,1772276098,1
2026-02-28,12:55:21,1772276121,1
2026-02-28,12:55:43,1772276143,1
2026-02-28,12:56:06,1772276166,1
2026-02-28,12:56:27,1772276187,1
2026-02-28,12:56:55,1772276215,1
2026-02-28,12:57:16,1772276236,1
2026-02-28,12:57:39,1772276259,1
2026-02-28,12:58:01,1772276281,1
2026-02-28,12:59:06,1772276346,1
2026-02-28,12:59:29,1772276369,1
2026-02-28,12:59:51,1772276391,1
2026-02-28,13:00:14,1772276414,1
2026-02-28,13:00:36,1772276436,1
2026-02-28,13:00:59,1772276459,1
2026-02-28,13:01:22,1772276482,1
2026-02-28,13:01:44,1772276504,1
2026-02-28,13:02:07,1772276527,1
2026-02-28,13:02:29,1772276549,1
2026-02-28,13:02:52,1772276572,1
2026-02-28,13:03:14,1772276594,1
2026-02-28,13:03:49,1772276629,1
2026-02-28,13:04:11,1772276651,1
2026-02-28,13:04:34,1772276674,1
2026-02-28,13:05:02,1772276702,1
2026-02-28,13:05:22,1772276722,1
2026-02-28,13:05:44,1772276744,1
2026-02-28,13:06:05,1772276765,1
2026-02-28,13:06:27,1772276787,1
2026-02-28,13:06:50,1772276810,1
2026-02-28,13:07:12,1772276832,1
2026-02-28,13:07:34,1772276854,1
2026-02-28,13:08:00,1772276880,1
2026-02-28,13:08:32,1772276912,1
2026-02-28,13:10:59,1772277059,1
2026-02-28,13:12:54,1772277174,1
2026-02-28,13:13:17,1772277197,1
2026-02-28,13:13:39,1772277219,1
2026-02-28,13:14:14,1772277254,1
2026-02-28,13:14:34,1772277274,1
2026-02-28,13:14:57,1772277297,1
2026-02-28,13:15:19,1772277319,1
2026-02-28,13:15:45,1772277345,1
2026-02-28,13:16:08,1772277368,1
2026-02-28,13:16:30,1772277390,1
2026-02-28,13:16:52,1772277412,1
2026-02-28,13:17:55,1772277475,1
2026-02-28,13:18:16,1772277496,1
2026-02-28,13:18:38,1772277518,1
2026-02-28,17:10:02,1772291402,1
2026-02-28,17:10:23,1772291423,1
2026-02-28,18:43:28,1772297008,1
2026-02-28,18:43:51,1772297031,1
2026-02-28,18:44:59,1772297099,1
2026-02-28,18:45:21,1772297121,1
2026-02-28,18:49:22,1772297362,1
2026-02-28,19:25:47,1772299547,1
2026-02-28,19:26:08,1772299568,1
2026-02-28,19:29:32,1772299772,1
2026-02-28,19:30:51,1772299851,1
2026-02-28,19:31:51,1772299911,1
2026-02-28,19:34:41,1772300081,1
2026-02-28,19:35:38,1772300138,1
2026-02-28,19:36:58,1772300218,1
2026-03-01,08:08:05,1772345285,1
2026-03-01,08:08:27,1772345307,1
2026-03-01,08:08:49,1772345329,1
2026-03-01,08:16:57,1772345817,1
2026-03-01,08:17:20,1772345840,1
2026-03-01,08:18:00,1772345880,1
2026-03-01,08:18:22,1772345902,1
2026-03-01,08:18:44,1772345924,1
2026-03-01,15:19:10,1772371150,1
2026-03-01,15:19:44,1772371184,1
2026-03-01,15:20:05,1772371205,1
2026-03-01,15:20:28,1772371228,1
2026-03-01,15:21:19,1772371279,1
2026-03-01,15:21:40,1772371300,1
2026-03-01,15:22:03,1772371323,1
2026-03-01,15:22:26,1772371346,1
2026-03-01,15:22:47,1772371367,1
2026-03-01,15:23:12,1772371392,1
2026-03-01,15:23:34,1772371414,1
2026-03-01,15:23:59,1772371439,1
2026-03-01,15:24:22,1772371462,1
2026-03-01,15:33:47,1772372027,1
2026-03-01,15:34:18,1772372058,1
2026-03-01,15:34:39,1772372079,1
2026-03-01,15:35:00,1772372100,1
2026-03-01,15:35:48,1772372148,1
2026-03-01,15:36:10,1772372170,1
2026-03-01,15:36:33,1772372193,1
2026-03-01,15:36:55,1772372215,1
2026-03-01,16:47:59,1772376479,1
2026-03-01,16:48:21,1772376501,1
2026-03-01,16:48:43,1772376523,1
2026-03-01,16:49:30,1772376570,1
2026-03-01,16:49:51,1772376591,1
2026-03-01,16:50:14,1772376614,1
2026-03-01,16:50:36,1772376636,1
2026-03-01,16:50:59,1772376659,1
2026-03-01,16:51:21,1772376681,1
2026-03-02,08:22:40,1772432560,1
2026-03-02,08:23:02,1772432582,1
2026-03-02,16:55:03,1772463303,1
2026-03-02,16:55:25,1772463325,1
2026-03-02,16:55:48,1772463348,1
2026-03-02,16:56:10,1772463370,1
2026-03-02,16:56:33,1772463393,1
2026-03-02,16:56:55,1772463415,1
2026-03-02,16:57:18,1772463438,1
2026-03-02,17:51:02,1772466662,1
2026-03-02,17:51:23,1772466683,1
2026-03-02,17:51:45,1772466705,1
2026-03-02,17:52:08,1772466728,1
2026-03-02,17:52:30,1772466750,1
2026-03-02,17:52:53,1772466773,1
2026-03-02,18:13:43,1772468023,1
2026-03-02,18:14:06,1772468046,1
2026-03-02,18:16:19,1772468179,1
2026-03-02,18:16:45,1772468205,1
2026-03-02,18:17:09,1772468229,1
2026-03-02,18:18:51,1772468331,1
2026-03-02,18:19:12,1772468352,1
2026-03-02,18:19:35,1772468375,1
2026-03-02,18:19:57,1772468397,1
2026-03-02,18:20:20,1772468420,1
2026-03-02,18:20:42,1772468442,1
2026-03-02,18:21:05,1772468465,1
2026-03-02,18:27:09,1772468829,1
2026-03-02,18:27:40,1772468860,1
2026-03-02,18:28:03,1772468883,1
2026-03-02,18:31:38,1772469098,1
2026-03-02,18:32:28,1772469148,1
2026-03-02,18:32:50,1772469170,1
2026-03-02,18:38:04,1772469484,1
2026-03-02,18:38:27,1772469507,1
2026-03-02,19:05:13,1772471113,1
2026-03-02,19:05:36,1772471136,1
2026-03-02,19:05:58,1772471158,1
2026-03-02,19:06:20,1772471180,1
2026-03-02,19:06:43,1772471203,1
2026-03-02,19:07:06,1772471226,1
2026-03-02,19:07:28,1772471248,1
2026-03-02,19:07:51,1772471271,1
2026-03-02,19:10:24,1772471424,1
2026-03-02,19:10:46,1772471446,1
2026-03-02,19:24:17,1772472257,1
2026-03-02,19:24:38,1772472278,1
2026-03-02,19:25:07,1772472307,1
2026-03-02,19:27:51,1772472471,1
2026-03-02,19:30:17,1772472617,1
2026-03-03,17:00:41,1772550041,1
2026-03-04,08:54:00,1772607240,1
2026-03-04,17:23:47,1772637827,1
2026-03-04,17:24:08,1772637848,1
2026-03-04,17:24:31,1772637871,1
2026-03-04,17:24:53,1772637893,1
2026-03-04,17:25:16,1772637916,1
2026-03-04,17:25:38,1772637938,1
2026-03-04,17:26:01,1772637961,1
2026-03-05,07:24:00,1772688240,1
2026-03-05,08:52:05,1772693525,1
2026-03-05,09:07:12,1772694432,1
2026-03-05,09:16:58,1772695018,1
2026-03-05,10:08:05,1772698085,1
2026-03-05,11:29:05,1772702945,1
2026-03-05,11:29:26,1772702966,1
2026-03-05,11:31:28,1772703088,1
2026-03-05,11:31:50,1772703110,1
2026-03-05,11:32:13,1772703133,1
2026-03-05,11:32:54,1772703174,1
2026-03-05,11:33:15,1772703195,1
2026-03-05,11:34:13,1772703253,1
2026-03-05,11:34:32,1772703272,1
2026-03-05,11:34:55,1772703295,1
2026-03-05,11:35:17,1772703317,1
2026-03-05,11:35:40,1772703340,1
2026-03-05,11:36:03,1772703363,1
2026-03-05,11:36:25,1772703385,1
2026-03-05,11:36:48,1772703408,1
2026-03-05,11:37:10,1772703430,1
2026-03-05,11:37:33,1772703453,1
2026-03-05,11:37:55,1772703475,1
2026-03-05,11:38:18,1772703498,1
2026-03-05,11:38:41,1772703521,1
2026-03-05,11:39:03,1772703543,1
2026-03-05,11:39:25,1772703565,1
2026-03-05,11:39:48,1772703588,1
2026-03-05,11:40:11,1772703611,1
2026-03-05,11:40:33,1772703633,1
2026-03-05,11:40:56,1772703656,1
2026-03-05,11:41:18,1772703678,1
2026-03-05,11:41:41,1772703701,1
2026-03-05,11:42:03,1772703723,1
2026-03-05,11:42:26,1772703746,1
2026-03-05,11:42:48,1772703768,1
2026-03-05,11:43:11,1772703791,1
2026-03-05,11:43:33,1772703813,1
2026-03-05,11:43:56,1772703836,1
2026-03-05,11:44:18,1772703858,1
2026-03-05,11:44:41,1772703881,1
2026-03-05,11:45:18,1772703918,1
2026-03-05,11:45:40,1772703940,1
2026-03-05,11:46:02,1772703962,1
2026-03-05,11:46:25,1772703985,1
2026-03-05,11:46:48,1772704008,1
2026-03-05,11:47:10,1772704030,1
2026-03-05,11:47:33,1772704053,1
2026-03-05,11:47:55,1772704075,1
2026-03-05,11:48:17,1772704097,1
2026-03-05,11:48:40,1772704120,1
2026-03-05,11:49:03,1772704143,1
2026-03-05,11:49:26,1772704166,1
2026-03-05,11:49:48,1772704188,1
2026-03-05,11:50:11,1772704211,1
2026-03-05,11:50:33,1772704233,1
2026-03-05,11:50:56,1772704256,1
2026-03-05,11:51:18,1772704278,1
2026-03-05,11:51:41,1772704301,1
2026-03-05,11:52:03,1772704323,1
2026-03-05,11:52:26,1772704346,1
2026-03-05,11:52:48,1772704368,1
2026-03-05,11:53:11,1772704391,1
2026-03-05,11:53:33,1772704413,1
2026-03-05,11:53:56,1772704436,1
2026-03-05,11:54:19,1772704459,1
2026-03-05,11:54:41,1772704481,1
2026-03-05,11:55:04,1772704504,1
2026-03-05,11:55:26,1772704526,1
2026-03-05,11:55:49,1772704549,1
2026-03-05,11:56:11,1772704571,1
2026-03-05,11:56:34,1772704594,1
2026-03-05,11:56:56,1772704616,1
2026-03-05,11:57:17,1772704637,1
2026-03-05,11:57:40,1772704660,1
2026-03-05,11:58:03,1772704683,1
2026-03-05,11:58:25,1772704705,1
2026-03-05,11:58:48,1772704728,1
2026-03-05,11:59:10,1772704750,1
2026-03-05,11:59:33,1772704773,1
2026-03-05,11:59:55,1772704795,1
2026-03-05,12:00:18,1772704818,1
2026-03-05,12:00:40,1772704840,1
2026-03-05,12:01:03,1772704863,1
2026-03-05,12:01:25,1772704885,1
2026-03-05,12:01:48,1772704908,1
2026-03-05,12:02:10,1772704930,1
2026-03-05,12:02:33,1772704953,1
2026-03-05,12:02:55,1772704975,1
2026-03-05,12:03:18,1772704998,1
2026-03-05,12:03:40,1772705020,1
2026-03-05,12:04:03,1772705043,1
2026-03-05,12:04:26,1772705066,1
2026-03-05,12:04:48,1772705088,1
2026-03-05,12:05:10,1772705110,1
2026-03-05,12:05:33,1772705133,1
2026-03-05,12:05:56,1772705156,1
2026-03-05,12:06:54,1772705214,1
2026-03-05,12:07:15,1772705235,1
2026-03-05,12:07:38,1772705258,1
2026-03-05,12:09:02,1772705342,1
2026-03-05,12:09:24,1772705364,1
2026-03-05,12:10:22,1772705422,1
2026-03-05,12:10:45,1772705445,1
2026-03-05,12:11:07,1772705467,1
2026-03-05,12:11:30,1772705490,1
2026-03-05,12:11:51,1772705511,1
2026-03-05,12:12:14,1772705534,1
2026-03-05,12:12:36,1772705556,1
2026-03-05,12:12:59,1772705579,1
2026-03-05,12:13:21,1772705601,1
2026-03-05,12:13:44,1772705624,1
2026-03-05,12:14:06,1772705646,1
2026-03-05,12:14:29,1772705669,1
2026-03-05,12:14:52,1772705692,1
2026-03-05,12:15:14,1772705714,1
2026-03-05,12:15:37,1772705737,1
2026-03-05,12:16:00,1772705760,1
2026-03-05,12:16:22,1772705782,1
2026-03-05,12:16:55,1772705815,1
2026-03-05,12:17:16,1772705836,1
2026-03-05,12:17:39,1772705859,1
2026-03-05,12:18:01,1772705881,1
2026-03-05,12:18:24,1772705904,1
2026-03-05,12:18:47,1772705927,1
2026-03-05,12:19:09,1772705949,1
2026-03-05,12:19:38,1772705978,1
2026-03-05,12:19:59,1772705999,1
2026-03-05,12:20:22,1772706022,1
2026-03-05,12:20:45,1772706045,1
2026-03-05,12:21:07,1772706067,1
2026-03-05,12:21:30,1772706090,1
2026-03-05,12:21:52,1772706112,1
2026-03-05,12:22:15,1772706135,1
2026-03-05,12:22:37,1772706157,1
2026-03-05,12:23:00,1772706180,1
2026-03-05,12:23:22,1772706202,1
2026-03-05,12:23:45,1772706225,1
2026-03-05,12:24:07,1772706247,1
2026-03-05,12:24:30,1772706270,1
2026-03-05,12:24:52,1772706292,1
2026-03-05,12:25:24,1772706324,1
2026-03-05,12:25:45,1772706345,1
2026-03-05,12:26:28,1772706388,1
2026-03-05,12:26:49,1772706409,1
2026-03-05,12:27:12,1772706432,1
2026-03-05,12:27:38,1772706458,1
2026-03-05,12:28:11,1772706491,1
2026-03-05,12:28:33,1772706513,1
2026-03-05,12:28:56,1772706536,1
2026-03-05,12:29:24,1772706564,1
2026-03-05,12:29:46,1772706586,1
2026-03-05,12:30:10,1772706610,1
2026-03-05,12:30:31,1772706631,1
2026-03-05,12:31:24,1772706684,1
2026-03-05,12:31:45,1772706705,1
2026-03-05,12:32:09,1772706729,1
2026-03-05,12:32:38,1772706758,1
2026-03-05,12:33:00,1772706780,1
2026-03-05,12:33:21,1772706801,1
2026-03-05,12:33:44,1772706824,1
2026-03-05,12:34:06,1772706846,1
2026-03-05,12:34:29,1772706869,1
2026-03-05,12:34:51,1772706891,1
2026-03-05,12:35:36,1772706936,1
2026-03-05,12:35:57,1772706957,1
2026-03-05,12:36:35,1772706995,1
2026-03-05,12:36:55,1772707015,1
2026-03-05,12:37:17,1772707037,1
2026-03-05,12:37:40,1772707060,1
2026-03-05,12:38:02,1772707082,1
2026-03-05,12:38:25,1772707105,1
2026-03-05,12:38:58,1772707138,1
2026-03-05,12:39:18,1772707158,1
2026-03-05,12:39:41,1772707181,1
2026-03-05,12:40:02,1772707202,1
2026-03-05,12:40:23,1772707223,1
2026-03-05,12:40:44,1772707244,1
2026-03-05,12:41:20,1772707280,1
2026-03-05,12:41:43,1772707303,1
2026-03-05,12:42:05,1772707325,1
2026-03-05,12:42:35,1772707355,1
2026-03-05,12:43:12,1772707392,1
2026-03-05,12:43:32,1772707412,1
2026-03-05,12:43:52,1772707432,1
2026-03-05,12:44:58,1772707498,1
2026-03-05,12:46:37,1772707597,1
2026-03-05,12:47:01,1772707621,1
2026-03-05,12:47:21,1772707641,1
2026-03-05,12:47:44,1772707664,1
2026-03-05,12:48:06,1772707686,1
2026-03-05,12:48:29,1772707709,1
2026-03-05,12:48:51,1772707731,1
2026-03-05,12:49:14,1772707754,1
2026-03-05,12:49:43,1772707783,1
2026-03-05,12:50:43,1772707843,1
2026-03-05,12:51:24,1772707884,1
2026-03-05,12:53:18,1772707998,1
2026-03-05,12:54:39,1772708079,1
2026-03-05,12:55:35,1772708135,1
2026-03-05,12:56:07,1772708167,1
2026-03-05,12:56:28,1772708188,1
2026-03-05,12:56:59,1772708219,1
2026-03-05,12:57:21,1772708241,1
2026-03-05,12:57:48,1772708268,1
2026-03-05,12:58:11,1772708291,1
2026-03-05,12:58:57,1772708337,1
2026-03-05,13:00:22,1772708422,1
2026-03-05,13:00:42,1772708442,1
2026-03-05,13:02:53,1772708573,1
2026-03-05,13:04:59,1772708699,1
2026-03-05,13:05:49,1772708749,1
2026-03-05,13:06:51,1772708811,1
2026-03-05,13:07:13,1772708833,1
2026-03-05,13:07:35,1772708855,1
2026-03-05,13:07:58,1772708878,1
2026-03-05,13:08:21,1772708901,1
2026-03-05,13:09:02,1772708942,1
2026-03-05,13:10:17,1772709017,1
2026-03-05,13:12:34,1772709154,1
2026-03-05,13:15:19,1772709319,1
2026-03-05,13:15:38,1772709338,1
2026-03-05,13:15:59,1772709359,1
2026-03-05,13:16:20,1772709380,1
2026-03-05,13:16:44,1772709404,1
2026-03-05,13:18:52,1772709532,1
2026-03-05,13:19:19,1772709559,1
2026-03-05,13:19:40,1772709580,1
2026-03-05,13:20:07,1772709607,1
2026-03-05,13:20:28,1772709628,1
2026-03-05,13:21:00,1772709660,1
2026-03-05,13:21:51,1772709711,1
2026-03-05,13:22:18,1772709738,1
2026-03-05,13:23:13,1772709793,1
2026-03-05,13:23:35,1772709815,1
2026-03-05,13:23:57,1772709837,1
2026-03-05,13:24:36,1772709876,1
2026-03-05,13:26:38,1772709998,1
2026-03-05,13:27:01,1772710021,1
2026-03-05,13:27:23,1772710043,1
2026-03-05,13:28:05,1772710085,1
2026-03-05,13:28:26,1772710106,1
2026-03-05,13:29:01,1772710141,1
2026-03-05,13:29:24,1772710164,1
2026-03-05,13:29:46,1772710186,1
2026-03-05,13:30:09,1772710209,1
2026-03-05,13:30:31,1772710231,1
2026-03-05,13:30:53,1772710253,1
2026-03-05,13:31:16,1772710276,1
2026-03-05,13:34:59,1772710499,1
2026-03-05,13:35:47,1772710547,1
2026-03-05,13:36:16,1772710576,1
2026-03-05,13:37:23,1772710643,1
2026-03-05,13:40:41,1772710841,1
2026-03-05,13:41:01,1772710861,1
2026-03-05,13:43:30,1772711010,1
2026-03-05,13:43:52,1772711032,1
2026-03-05,13:44:14,1772711054,1
2026-03-05,13:45:18,1772711118,1
2026-03-05,13:47:38,1772711258,1
2026-03-05,13:49:18,1772711358,1
2026-03-05,13:50:25,1772711425,1
2026-03-05,13:52:20,1772711540,1
2026-03-05,13:52:55,1772711575,1
2026-03-05,13:53:16,1772711596,1
2026-03-05,13:53:49,1772711629,1
2026-03-05,13:55:47,1772711747,1
2026-03-05,13:56:33,1772711793,1
2026-03-05,13:57:55,1772711875,1
2026-03-05,13:59:22,1772711962,1
2026-03-05,13:59:44,1772711984,1
2026-03-05,14:01:43,1772712103,1
2026-03-05,14:04:03,1772712243,1
2026-03-05,14:08:48,1772712528,1
2026-03-05,14:09:16,1772712556,1
2026-03-05,14:10:47,1772712647,1
2026-03-05,14:14:02,1772712842,1
2026-03-05,14:15:57,1772712957,1
2026-03-05,14:17:09,1772713029,1
2026-03-05,14:17:31,1772713051,1
2026-03-05,14:18:23,1772713103,1
2026-03-05,14:19:03,1772713143,1
2026-03-05,14:19:25,1772713165,1
2026-03-05,14:19:47,1772713187,1
2026-03-05,14:20:17,1772713217,1
2026-03-05,14:20:40,1772713240,1
2026-03-05,14:21:02,1772713262,1
2026-03-05,14:21:31,1772713291,1
2026-03-05,14:21:52,1772713312,1
2026-03-05,14:22:14,1772713334,1
2026-03-05,14:22:59,1772713379,1
2026-03-05,14:23:21,1772713401,1
2026-03-05,14:23:49,1772713429,1
2026-03-05,14:24:50,1772713490,1
2026-03-05,14:25:22,1772713522,1
2026-03-05,14:28:12,1772713692,1
2026-03-05,14:28:33,1772713713,1
2026-03-05,14:28:58,1772713738,1
2026-03-05,14:30:24,1772713824,1
2026-03-05,14:31:50,1772713910,1
2026-03-05,14:33:44,1772714024,1
2026-03-05,14:34:06,1772714046,1
2026-03-05,14:34:28,1772714068,1
2026-03-05,14:34:51,1772714091,1
2026-03-05,14:35:47,1772714147,1
2026-03-05,14:36:36,1772714196,1
2026-03-05,14:36:57,1772714217,1
2026-03-05,14:37:33,1772714253,1
2026-03-05,14:37:55,1772714275,1
2026-03-05,14:38:22,1772714302,1
2026-03-05,14:39:19,1772714359,1
2026-03-05,14:40:24,1772714424,1
2026-03-05,14:41:02,1772714462,1
2026-03-05,14:41:22,1772714482,1
2026-03-05,14:41:47,1772714507,1
2026-03-05,14:42:08,1772714528,1
2026-03-05,14:42:29,1772714549,1
2026-03-05,14:43:02,1772714582,1
2026-03-05,14:43:37,1772714617,1
2026-03-05,14:43:58,1772714638,1
2026-03-05,14:44:21,1772714661,1
2026-03-05,14:44:43,1772714683,1
2026-03-05,14:45:06,1772714706,1
2026-03-05,14:46:10,1772714770,1
2026-03-05,14:46:31,1772714791,1
2026-03-05,14:46:54,1772714814,1
2026-03-05,14:47:24,1772714844,1
2026-03-05,14:47:54,1772714874,1
2026-03-05,14:48:34,1772714914,1
2026-03-05,14:48:54,1772714934,1
2026-03-05,14:49:26,1772714966,1
2026-03-05,14:50:27,1772715027,1
2026-03-05,14:50:48,1772715048,1
2026-03-05,14:51:10,1772715070,1
2026-03-05,14:51:33,1772715093,1
2026-03-05,14:51:55,1772715115,1
2026-03-05,14:52:19,1772715139,1
2026-03-05,14:52:40,1772715160,1
2026-03-05,14:54:25,1772715265,1
2026-03-05,14:55:30,1772715330,1
2026-03-05,14:55:51,1772715351,1
2026-03-05,14:56:36,1772715396,1
2026-03-05,14:56:59,1772715419,1
2026-03-05,14:57:21,1772715441,1
2026-03-05,14:57:44,1772715464,1
2026-03-05,14:58:06,1772715486,1
2026-03-05,15:00:16,1772715616,1
2026-03-05,15:00:36,1772715636,1
2026-03-05,15:00:58,1772715658,1
2026-03-05,15:01:21,1772715681,1
2026-03-05,15:01:43,1772715703,1
2026-03-05,15:02:06,1772715726,1
2026-03-05,15:02:28,1772715748,1
2026-03-05,15:02:51,1772715771,1
2026-03-05,15:24:13,1772717053,1
2026-03-05,15:24:35,1772717075,1
2026-03-05,15:24:59,1772717099,1
2026-03-05,15:25:20,1772717120,1
2026-03-05,15:25:43,1772717143,1
2026-03-05,15:26:06,1772717166,1
2026-03-05,15:26:28,1772717188,1
2026-03-05,15:26:50,1772717210,1
2026-03-05,15:27:13,1772717233,1
2026-03-05,15:27:36,1772717256,1
2026-03-05,15:27:58,1772717278,1
2026-03-05,15:28:21,1772717301,1
2026-03-05,15:28:43,1772717323,1
2026-03-05,15:29:06,1772717346,1
2026-03-05,15:29:28,1772717368,1
2026-03-05,15:29:51,1772717391,1
2026-03-05,15:30:14,1772717414,1
2026-03-05,15:30:51,1772717451,1
2026-03-05,15:31:11,1772717471,1
2026-03-05,15:31:33,1772717493,1
2026-03-05,15:31:54,1772717514,1
2026-03-05,15:32:17,1772717537,1
2026-03-05,15:36:40,1772717800,1
2026-03-05,15:37:02,1772717822,1
2026-03-05,15:38:11,1772717891,1
2026-03-05,15:38:31,1772717911,1
2026-03-05,15:38:57,1772717937,1
2026-03-05,15:39:21,1772717961,1
2026-03-05,15:39:41,1772717981,1
2026-03-05,15:40:04,1772718004,1
2026-03-05,15:40:31,1772718031,1
2026-03-05,15:41:43,1772718103,1
2026-03-05,15:42:07,1772718127,1
2026-03-05,15:42:50,1772718170,1
2026-03-05,15:43:15,1772718195,1
2026-03-05,15:43:36,1772718216,1
2026-03-05,15:45:22,1772718322,1
2026-03-05,15:45:43,1772718343,1
2026-03-05,15:47:41,1772718461,1
2026-03-05,15:48:00,1772718480,1
2026-03-05,15:48:56,1772718536,1
2026-03-05,15:49:20,1772718560,1
2026-03-05,15:50:01,1772718601,1
2026-03-05,15:51:31,1772718691,1
2026-03-05,15:51:53,1772718713,1
2026-03-05,15:52:32,1772718752,1
2026-03-05,15:52:54,1772718774,1
2026-03-05,15:53:17,1772718797,1
2026-03-05,15:54:13,1772718853,1
2026-03-05,15:55:18,1772718918,1
2026-03-05,15:55:51,1772718951,1
2026-03-05,15:56:35,1772718995,1
2026-03-05,15:57:43,1772719063,1
2026-03-05,15:58:38,1772719118,1
2026-03-05,15:58:59,1772719139,1
2026-03-05,15:59:53,1772719193,1
2026-03-05,16:00:14,1772719214,1
2026-03-05,16:00:35,1772719235,1
2026-03-05,16:01:29,1772719289,1
2026-03-05,16:03:01,1772719381,1
2026-03-05,16:06:18,1772719578,1
2026-03-05,16:06:38,1772719598,1
2026-03-05,16:07:24,1772719644,1
2026-03-05,16:07:46,1772719666,1
2026-03-05,16:09:10,1772719750,1
2026-03-05,16:09:31,1772719771,1
2026-03-05,16:09:53,1772719793,1
2026-03-05,16:10:15,1772719815,1
2026-03-05,16:11:30,1772719890,1
2026-03-05,16:12:40,1772719960,1
2026-03-05,16:17:41,1772720261,1
2026-03-05,16:18:09,1772720289,1
2026-03-05,16:18:32,1772720312,1
2026-03-05,16:19:54,1772720394,1
2026-03-05,16:21:14,1772720474,1
2026-03-05,16:21:35,1772720495,1
2026-03-05,16:22:10,1772720530,1
2026-03-05,16:22:32,1772720552,1
2026-03-05,16:22:55,1772720575,1
2026-03-05,16:25:30,1772720730,1
2026-03-05,16:26:02,1772720762,1
2026-03-05,16:26:22,1772720782,1
2026-03-05,16:27:17,1772720837,1
2026-03-05,16:27:39,1772720859,1
2026-03-05,16:28:02,1772720882,1
2026-03-05,16:30:34,1772721034,1
2026-03-05,16:32:33,1772721153,1
2026-03-05,16:34:07,1772721247,1
2026-03-05,16:34:51,1772721291,1
2026-03-05,16:35:12,1772721312,1
2026-03-05,16:35:36,1772721336,1
2026-03-05,16:35:57,1772721357,1
2026-03-05,16:36:20,1772721380,1
2026-03-05,16:37:14,1772721434,1
2026-03-05,16:37:54,1772721474,1
2026-03-05,16:40:55,1772721655,1
2026-03-05,16:41:16,1772721676,1
2026-03-05,16:41:58,1772721718,1
2026-03-05,16:42:20,1772721740,1
2026-03-05,16:43:02,1772721782,1
2026-03-05,16:43:25,1772721805,1
2026-03-05,16:44:06,1772721846,1
2026-03-05,16:44:28,1772721868,1
2026-03-05,16:44:51,1772721891,1
2026-03-05,16:45:13,1772721913,1
2026-03-05,16:45:47,1772721947,1
2026-03-05,16:46:10,1772721970,1
2026-03-05,16:46:50,1772722010,1
2026-03-05,16:47:21,1772722041,1
2026-03-05,16:47:44,1772722064,1
2026-03-05,16:48:05,1772722085,1
2026-03-05,16:48:32,1772722112,1
2026-03-05,16:48:58,1772722138,1
2026-03-05,16:49:20,1772722160,1
2026-03-05,16:49:43,1772722183,1
2026-03-05,16:50:05,1772722205,1
2026-03-05,16:50:27,1772722227,1
2026-03-05,16:50:50,1772722250,1
2026-03-05,16:51:12,1772722272,1
2026-03-05,16:52:46,1772722366,1
2026-03-05,16:53:06,1772722386,1
2026-03-05,16:53:43,1772722423,1
2026-03-05,16:54:05,1772722445,1
2026-03-05,16:54:31,1772722471,1
2026-03-05,16:55:01,1772722501,1
2026-03-05,16:55:31,1772722531,1
2026-03-05,16:56:42,1772722602,1
2026-03-05,16:57:24,1772722644,1
2026-03-05,16:57:55,1772722675,1
2026-03-05,16:58:26,1772722706,1
2026-03-05,16:58:50,1772722730,1
2026-03-05,16:59:52,1772722792,1
2026-03-05,17:00:13,1772722813,1
2026-03-05,17:01:44,1772722904,1
2026-03-05,17:03:25,1772723005,1
2026-03-05,17:03:59,1772723039,1
2026-03-05,17:04:36,1772723076,1
2026-03-05,17:05:56,1772723156,1
2026-03-05,17:07:41,1772723261,1
2026-03-05,17:08:44,1772723324,1
2026-03-05,17:09:29,1772723369,1
2026-03-05,17:10:03,1772723403,1
2026-03-05,17:10:24,1772723424,1
2026-03-05,17:11:47,1772723507,1
2026-03-05,17:28:40,1772724520,1
2026-03-05,17:41:22,1772725282,1
2026-03-05,17:41:44,1772725304,1
2026-03-05,17:42:13,1772725333,1
2026-03-05,17:43:02,1772725382,1
2026-03-05,17:43:23,1772725403,1
2026-03-05,17:43:48,1772725428,1
2026-03-05,17:44:11,1772725451,1
2026-03-05,17:44:38,1772725478,1
2026-03-05,17:44:59,1772725499,1
2026-03-05,17:45:20,1772725520,1
2026-03-05,17:45:48,1772725548,1
2026-03-05,17:46:25,1772725585,1
2026-03-05,17:46:46,1772725606,1
2026-03-05,17:47:19,1772725639,1
2026-03-05,17:48:23,1772725703,1
2026-03-05,17:48:44,1772725724,1
2026-03-05,17:49:05,1772725745,1
2026-03-05,17:49:31,1772725771,1
2026-03-05,17:49:57,1772725797,1
2026-03-05,17:50:18,1772725818,1
2026-03-05,17:50:41,1772725841,1
2026-03-05,17:51:02,1772725862,1
2026-03-05,17:51:24,1772725884,1
2026-03-05,17:51:46,1772725906,1
2026-03-05,17:52:09,1772725929,1
2026-03-05,17:52:32,1772725952,1
2026-03-05,17:52:54,1772725974,1
2026-03-05,17:53:18,1772725998,1
2026-03-05,17:53:40,1772726020,1
2026-03-05,17:54:02,1772726042,1
2026-03-05,17:54:25,1772726065,1
2026-03-05,17:54:48,1772726088,1
2026-03-05,17:55:13,1772726113,1
2026-03-05,17:55:49,1772726149,1
2026-03-05,17:56:11,1772726171,1
2026-03-05,17:57:47,1772726267,1
2026-03-05,17:58:08,1772726288,1
2026-03-05,17:58:31,1772726311,1
2026-03-05,17:58:53,1772726333,1
2026-03-05,17:59:16,1772726356,1
2026-03-05,17:59:38,1772726378,1
2026-03-05,18:00:01,1772726401,1
2026-03-05,18:00:23,1772726423,1
2026-03-05,18:00:46,1772726446,1
2026-03-05,18:01:08,1772726468,1
2026-03-05,18:01:31,1772726491,1
2026-03-05,18:01:54,1772726514,1
2026-03-05,18:02:15,1772726535,1
2026-03-05,18:02:37,1772726557,1
2026-03-05,18:03:00,1772726580,1
2026-03-05,18:04:03,1772726643,1
2026-03-05,18:04:25,1772726665,1
2026-03-05,18:04:48,1772726688,1
2026-03-05,18:05:10,1772726710,1
2026-03-05,18:05:33,1772726733,1
2026-03-05,18:05:55,1772726755,1
2026-03-05,18:06:18,1772726778,1
2026-03-05,18:06:40,1772726800,1
2026-03-05,18:07:13,1772726833,1
2026-03-05,18:07:33,1772726853,1
2026-03-05,18:07:55,1772726875,1
2026-03-05,18:08:24,1772726904,1
2026-03-05,18:08:45,1772726925,1
2026-03-05,18:09:08,1772726948,1
2026-03-05,18:09:30,1772726970,1
2026-03-05,18:09:52,1772726992,1
2026-03-05,18:10:35,1772727035,1
2026-03-05,18:10:57,1772727057,1
2026-03-05,18:11:20,1772727080,1
2026-03-05,18:11:44,1772727104,1
2026-03-05,18:13:20,1772727200,1
2026-03-05,18:13:42,1772727222,1
2026-03-05,18:14:02,1772727242,1
2026-03-05,18:14:25,1772727265,1
2026-03-05,18:14:47,1772727287,1
2026-03-05,18:15:10,1772727310,1
2026-03-05,18:15:33,1772727333,1
2026-03-05,18:15:55,1772727355,1
2026-03-05,18:16:17,1772727377,1
2026-03-05,18:16:40,1772727400,1
2026-03-05,18:17:01,1772727421,1
2026-03-05,18:17:22,1772727442,1
2026-03-05,18:17:44,1772727464,1
2026-03-05,18:18:06,1772727486,1
2026-03-05,18:18:29,1772727509,1
2026-03-05,18:18:51,1772727531,1
2026-03-05,18:19:14,1772727554,1
2026-03-05,18:19:36,1772727576,1
2026-03-05,18:19:59,1772727599,1
2026-03-05,18:20:21,1772727621,1
2026-03-05,18:20:43,1772727643,1
2026-03-05,18:21:06,1772727666,1
2026-03-05,18:21:29,1772727689,1
2026-03-05,18:21:52,1772727712,1
2026-03-05,18:22:14,1772727734,1
2026-03-05,18:23:27,1772727807,1
2026-03-05,18:23:49,1772727829,1
2026-03-05,18:24:12,1772727852,1
2026-03-05,18:25:14,1772727914,1
2026-03-05,18:25:38,1772727938,1
2026-03-05,18:26:58,1772728018,1
2026-03-05,18:27:19,1772728039,1
2026-03-05,18:27:40,1772728060,1
2026-03-05,18:28:31,1772728111,1
2026-03-05,18:29:07,1772728147,1
2026-03-05,18:29:29,1772728169,1
2026-03-05,18:29:51,1772728191,1
2026-03-05,18:30:27,1772728227,1
2026-03-05,18:31:13,1772728273,1
2026-03-05,18:36:59,1772728619,1
2026-03-05,18:37:21,1772728641,1
2026-03-05,18:38:45,1772728725,1
2026-03-05,18:39:08,1772728748,1
2026-03-05,18:39:30,1772728770,1
2026-03-05,18:39:52,1772728792,1
2026-03-05,18:40:15,1772728815,1
2026-03-05,18:41:25,1772728885,1
2026-03-05,18:41:51,1772728911,1
2026-03-05,18:45:23,1772729123,1
2026-03-05,18:45:44,1772729144,1
2026-03-05,18:47:50,1772729270,1
2026-03-05,18:48:13,1772729293,1
2026-03-05,18:48:38,1772729318,1
2026-03-05,18:49:00,1772729340,1
2026-03-05,18:49:25,1772729365,1
2026-03-05,18:49:48,1772729388,1
2026-03-05,18:50:10,1772729410,1
2026-03-05,18:50:33,1772729433,1
2026-03-05,18:50:55,1772729455,1
2026-03-05,18:51:18,1772729478,1
2026-03-05,18:51:40,1772729500,1
2026-03-05,18:52:03,1772729523,1
2026-03-05,18:52:24,1772729544,1
2026-03-05,18:52:47,1772729567,1
2026-03-05,18:53:08,1772729588,1
2026-03-05,18:53:31,1772729611,1
2026-03-05,18:54:35,1772729675,1
2026-03-05,18:55:16,1772729716,1
2026-03-05,18:55:58,1772729758,1
2026-03-05,18:56:45,1772729805,1
2026-03-05,18:57:47,1772729867,1
2026-03-05,19:00:28,1772730028,1
2026-03-06,08:47:15,1772779635,1
2026-03-06,08:59:05,1772780345,1
2026-03-06,09:28:52,1772782132,1
2026-03-06,10:39:41,1772786381,1
2026-03-06,16:37:29,1772807849,1
2026-03-06,16:38:19,1772807899,1
2026-03-06,16:40:41,1772808041,1
2026-03-06,19:51:35,1772819495,1
2026-03-06,19:53:17,1772819597,1
2026-03-07,11:37:18,1772876238,1
2026-03-07,11:37:39,1772876259,1
2026-03-07,11:38:02,1772876282,1
2026-03-07,11:41:36,1772876496,1
2026-03-07,11:42:19,1772876539,1
2026-03-07,11:44:11,1772876651,1
2026-03-07,11:44:34,1772876674,1
2026-03-07,11:44:56,1772876696,1
2026-03-07,11:45:19,1772876719,1
2026-03-07,11:45:41,1772876741,1
2026-03-07,11:46:04,1772876764,1
2026-03-07,11:46:26,1772876786,1
2026-03-07,11:47:12,1772876832,1
2026-03-07,11:47:33,1772876853,1
2026-03-07,11:47:55,1772876875,1
2026-03-07,11:48:18,1772876898,1
2026-03-07,11:50:17,1772877017,1
2026-03-07,11:50:39,1772877039,1
2026-03-07,11:51:01,1772877061,1
2026-03-07,11:51:43,1772877103,1
2026-03-07,11:52:04,1772877124,1
2026-03-07,11:52:27,1772877147,1
2026-03-07,11:52:50,1772877170,1
2026-03-07,11:53:12,1772877192,1
2026-03-07,11:54:32,1772877272,1
2026-03-07,11:54:58,1772877298,1
2026-03-07,11:55:22,1772877322,1
2026-03-07,11:55:43,1772877343,1
2026-03-07,12:02:24,1772877744,1
2026-03-07,12:02:46,1772877766,1
2026-03-07,12:03:08,1772877788,1
2026-03-07,12:03:31,1772877811,1
2026-03-07,12:03:53,1772877833,1
2026-03-07,12:04:24,1772877864,1
2026-03-07,12:05:40,1772877940,1
2026-03-07,12:06:01,1772877961,1
2026-03-07,12:06:25,1772877985,1
2026-03-07,12:06:47,1772878007,1
2026-03-07,12:07:13,1772878033,1
2026-03-07,12:07:45,1772878065,1
2026-03-07,12:08:08,1772878088,1
2026-03-07,12:08:30,1772878110,1
2026-03-07,12:09:19,1772878159,1
2026-03-07,12:09:46,1772878186,1
2026-03-07,12:11:16,1772878276,1
2026-03-07,12:11:37,1772878297,1
2026-03-07,12:12:00,1772878320,1
2026-03-07,12:12:22,1772878342,1
2026-03-07,12:12:45,1772878365,1
2026-03-07,12:13:07,1772878387,1
2026-03-07,12:13:30,1772878410,1
2026-03-07,12:13:53,1772878433,1
2026-03-07,12:14:15,1772878455,1
2026-03-07,12:14:37,1772878477,1
2026-03-07,12:15:00,1772878500,1
2026-03-07,12:15:23,1772878523,1
2026-03-07,12:15:46,1772878546,1
2026-03-07,12:16:08,1772878568,1
2026-03-07,12:16:31,1772878591,1
2026-03-07,12:16:53,1772878613,1
2026-03-07,12:17:16,1772878636,1
2026-03-07,12:17:38,1772878658,1
2026-03-07,12:18:01,1772878681,1
2026-03-07,12:21:23,1772878883,1
2026-03-07,12:26:37,1772879197,1
2026-03-07,12:27:17,1772879237,1
2026-03-07,12:28:00,1772879280,1
2026-03-07,12:28:23,1772879303,1
2026-03-07,12:28:45,1772879325,1
2026-03-07,12:29:08,1772879348,1
2026-03-07,12:29:31,1772879371,1
2026-03-07,12:29:53,1772879393,1
2026-03-07,12:30:16,1772879416,1
2026-03-07,12:30:38,1772879438,1
2026-03-07,12:31:01,1772879461,1
2026-03-07,12:31:22,1772879482,1
2026-03-07,12:31:45,1772879505,1
2026-03-07,12:32:07,1772879527,1
2026-03-07,12:32:34,1772879554,1
2026-03-07,12:32:57,1772879577,1
2026-03-07,12:33:18,1772879598,1
2026-03-07,12:33:41,1772879621,1
2026-03-07,12:34:03,1772879643,1
2026-03-07,12:34:26,1772879666,1
2026-03-07,12:34:51,1772879691,1
2026-03-07,12:35:22,1772879722,1
2026-03-07,12:35:47,1772879747,1
2026-03-07,12:36:06,1772879766,1
2026-03-07,12:36:29,1772879789,1
2026-03-07,12:36:52,1772879812,1
2026-03-07,12:37:14,1772879834,1
2026-03-07,12:37:37,1772879857,1
2026-03-07,12:42:35,1772880155,1
2026-03-07,12:42:56,1772880176,1
2026-03-07,12:43:32,1772880212,1
2026-03-07,12:44:03,1772880243,1
2026-03-07,12:45:47,1772880347,1
2026-03-07,12:46:09,1772880369,1
2026-03-07,12:46:46,1772880406,1
2026-03-07,12:47:08,1772880428,1
2026-03-07,12:47:29,1772880449,1
2026-03-07,12:47:52,1772880472,1
2026-03-07,12:48:24,1772880504,1
2026-03-07,12:49:20,1772880560,1
2026-03-07,12:49:41,1772880581,1
2026-03-07,12:50:28,1772880628,1
2026-03-07,12:50:48,1772880648,1
2026-03-07,12:52:17,1772880737,1
2026-03-07,12:52:55,1772880775,1
2026-03-07,12:53:29,1772880809,1
2026-03-07,12:53:53,1772880833,1
2026-03-07,12:54:13,1772880853,1
2026-03-07,12:54:48,1772880888,1
2026-03-07,12:55:09,1772880909,1
2026-03-07,12:55:32,1772880932,1
2026-03-07,12:55:54,1772880954,1
2026-03-07,12:56:17,1772880977,1
2026-03-07,12:56:40,1772881000,1
2026-03-07,12:57:02,1772881022,1
2026-03-07,12:57:24,1772881044,1
2026-03-07,12:57:47,1772881067,1
2026-03-07,12:58:10,1772881090,1
2026-03-07,12:58:32,1772881112,1
2026-03-07,12:58:55,1772881135,1
2026-03-07,12:59:17,1772881157,1
2026-03-07,12:59:40,1772881180,1
2026-03-07,14:29:13,1772886553,1
2026-03-07,14:29:49,1772886589,1
2026-03-07,14:30:10,1772886610,1
2026-03-07,14:30:33,1772886633,1
2026-03-07,14:30:56,1772886656,1
2026-03-07,14:31:18,1772886678,1
2026-03-07,14:31:40,1772886700,1
2026-03-07,14:32:03,1772886723,1
2026-03-07,14:32:26,1772886746,1
2026-03-07,14:32:48,1772886768,1
2026-03-07,14:33:11,1772886791,1
2026-03-07,14:33:33,1772886813,1
2026-03-07,14:33:54,1772886834,1
2026-03-07,14:34:17,1772886857,1
2026-03-07,14:34:39,1772886879,1
2026-03-07,14:35:02,1772886902,1
2026-03-07,14:35:24,1772886924,1
2026-03-07,14:35:47,1772886947,1
2026-03-07,14:36:08,1772886968,1
2026-03-07,14:36:31,1772886991,1
2026-03-07,14:36:52,1772887012,1
2026-03-07,14:37:14,1772887034,1
2026-03-07,14:37:37,1772887057,1
2026-03-07,14:37:59,1772887079,1
2026-03-07,14:38:20,1772887100,1
2026-03-07,14:38:43,1772887123,1
2026-03-07,14:39:06,1772887146,1
2026-03-07,14:39:29,1772887169,1
2026-03-07,14:39:51,1772887191,1
2026-03-07,14:40:14,1772887214,1
2026-03-07,14:40:36,1772887236,1
2026-03-07,14:41:19,1772887279,1
2026-03-07,14:41:41,1772887301,1
2026-03-07,14:42:03,1772887323,1
2026-03-07,14:42:25,1772887345,1
2026-03-07,14:43:10,1772887390,1
2026-03-07,14:43:52,1772887432,1
2026-03-07,14:44:51,1772887491,1
2026-03-07,14:45:12,1772887512,1
2026-03-07,14:45:35,1772887535,1
2026-03-07,14:45:56,1772887556,1
2026-03-07,14:46:52,1772887612,1
2026-03-07,14:47:23,1772887643,1
2026-03-07,14:47:44,1772887664,1
2026-03-07,14:48:07,1772887687,1
2026-03-07,14:48:58,1772887738,1
2026-03-07,14:49:53,1772887793,1
2026-03-07,14:50:17,1772887817,1
2026-03-07,14:50:46,1772887846,1
2026-03-07,14:51:08,1772887868,1
2026-03-07,14:51:31,1772887891,1
2026-03-07,14:51:57,1772887917,1
2026-03-07,14:52:47,1772887967,1
2026-03-07,14:53:15,1772887995,1
2026-03-07,14:53:36,1772888016,1
2026-03-07,14:53:59,1772888039,1
2026-03-07,14:54:20,1772888060,1
2026-03-07,14:55:00,1772888100,1
2026-03-07,14:55:29,1772888129,1
2026-03-07,14:55:51,1772888151,1
2026-03-07,14:59:35,1772888375,1
2026-03-07,15:01:19,1772888479,1
2026-03-07,15:02:22,1772888542,1
2026-03-07,15:03:26,1772888606,1
2026-03-07,15:03:47,1772888627,1
2026-03-07,15:04:11,1772888651,1
2026-03-07,15:04:33,1772888673,1
2026-03-07,15:05:04,1772888704,1
2026-03-07,15:05:37,1772888737,1
2026-03-07,15:05:59,1772888759,1
2026-03-07,15:06:51,1772888811,1
2026-03-07,15:07:50,1772888870,1
2026-03-07,15:08:12,1772888892,1
2026-03-07,15:08:43,1772888923,1
2026-03-07,15:09:19,1772888959,1
2026-03-07,15:09:39,1772888979,1
2026-03-07,15:10:20,1772889020,1
2026-03-07,15:15:26,1772889326,1
2026-03-07,15:15:55,1772889355,1
2026-03-07,15:17:11,1772889431,1
2026-03-07,15:17:50,1772889470,1
2026-03-07,15:18:11,1772889491,1
2026-03-07,15:18:34,1772889514,1
2026-03-07,15:18:57,1772889537,1
2026-03-07,15:19:19,1772889559,1
2026-03-07,15:19:42,1772889582,1
2026-03-07,15:20:05,1772889605,1
2026-03-07,15:20:26,1772889626,1
2026-03-07,15:20:49,1772889649,1
2026-03-07,15:21:20,1772889680,1
2026-03-07,15:21:43,1772889703,1
2026-03-07,15:22:05,1772889725,1
2026-03-07,15:22:27,1772889747,1
2026-03-07,15:22:57,1772889777,1
2026-03-07,15:23:20,1772889800,1
2026-03-07,15:23:42,1772889822,1
2026-03-07,15:24:05,1772889845,1
2026-03-07,15:24:27,1772889867,1
2026-03-07,15:24:50,1772889890,1
2026-03-07,15:25:15,1772889915,1
2026-03-07,15:25:37,1772889937,1
2026-03-07,15:25:59,1772889959,1
2026-03-07,15:26:57,1772890017,1
2026-03-07,15:27:19,1772890039,1
2026-03-07,15:27:41,1772890061,1
2026-03-07,15:28:12,1772890092,1
2026-03-07,15:28:34,1772890114,1
2026-03-07,15:28:57,1772890137,1
2026-03-07,15:29:17,1772890157,1
2026-03-07,15:29:40,1772890180,1
2026-03-07,15:30:02,1772890202,1
2026-03-07,15:31:23,1772890283,1
2026-03-07,15:31:45,1772890305,1
2026-03-07,15:32:07,1772890327,1
2026-03-07,15:32:30,1772890350,1
2026-03-07,15:32:52,1772890372,1
2026-03-07,15:33:13,1772890393,1
2026-03-07,15:33:36,1772890416,1
2026-03-07,15:33:58,1772890438,1
2026-03-07,15:34:21,1772890461,1
2026-03-07,15:34:43,1772890483,1
2026-03-07,15:35:05,1772890505,1
2026-03-07,15:35:28,1772890528,1
2026-03-07,15:35:51,1772890551,1
2026-03-07,15:36:13,1772890573,1
2026-03-07,15:36:35,1772890595,1
2026-03-07,15:36:58,1772890618,1
2026-03-07,15:37:21,1772890641,1
2026-03-07,15:38:03,1772890683,1
2026-03-07,15:38:24,1772890704,1
2026-03-07,15:38:46,1772890726,1
2026-03-07,15:39:07,1772890747,1
2026-03-07,15:39:30,1772890770,1
2026-03-07,15:39:53,1772890793,1
2026-03-07,15:40:37,1772890837,1
2026-03-07,15:41:08,1772890868,1
2026-03-07,15:41:30,1772890890,1
2026-03-07,15:41:59,1772890919,1
2026-03-07,15:42:20,1772890940,1
2026-03-07,15:42:42,1772890962,1
2026-03-07,15:43:04,1772890984,1
2026-03-07,15:43:25,1772891005,1
2026-03-07,15:43:48,1772891028,1
2026-03-07,15:44:09,1772891049,1
2026-03-07,15:44:40,1772891080,1
2026-03-07,15:45:01,1772891101,1
2026-03-07,15:47:07,1772891227,1
2026-03-07,15:47:26,1772891246,1
2026-03-07,15:50:18,1772891418,1
2026-03-07,15:50:39,1772891439,1
2026-03-07,15:51:29,1772891489,1
2026-03-07,15:51:51,1772891511,1
2026-03-07,15:52:13,1772891533,1
2026-03-07,15:53:39,1772891619,1
2026-03-07,15:54:00,1772891640,1
2026-03-07,15:54:22,1772891662,1
2026-03-07,15:54:57,1772891697,1
2026-03-07,15:55:21,1772891721,1
2026-03-07,15:56:49,1772891809,1
2026-03-07,15:57:10,1772891830,1
2026-03-07,15:59:29,1772891969,1
2026-03-07,16:00:05,1772892005,1
2026-03-07,16:00:45,1772892045,1
2026-03-07,16:01:06,1772892066,1
2026-03-07,16:01:29,1772892089,1
2026-03-07,16:01:51,1772892111,1
2026-03-07,16:02:13,1772892133,1
2026-03-07,16:02:35,1772892155,1
2026-03-07,16:02:58,1772892178,1
2026-03-07,16:05:30,1772892330,1
2026-03-07,16:05:52,1772892352,1
2026-03-07,16:06:15,1772892375,1
2026-03-07,16:06:37,1772892397,1
2026-03-07,16:06:59,1772892419,1
2026-03-07,16:07:21,1772892441,1
2026-03-07,16:07:44,1772892464,1
2026-03-07,16:08:05,1772892485,1
2026-03-07,16:08:28,1772892508,1
2026-03-07,16:08:50,1772892530,1
2026-03-07,16:09:12,1772892552,1
2026-03-07,16:09:39,1772892579,1
2026-03-07,16:10:01,1772892601,1
2026-03-07,16:10:23,1772892623,1
2026-03-07,16:10:46,1772892646,1
2026-03-07,16:11:08,1772892668,1
2026-03-07,16:11:31,1772892691,1
2026-03-07,16:11:53,1772892713,1
2026-03-07,16:12:14,1772892734,1
2026-03-07,16:12:37,1772892757,1
2026-03-07,16:13:00,1772892780,1
2026-03-07,16:13:22,1772892802,1
2026-03-07,16:13:45,1772892825,1
2026-03-07,16:14:07,1772892847,1
2026-03-07,16:14:30,1772892870,1
2026-03-07,16:14:52,1772892892,1
2026-03-07,16:20:32,1772893232,1
2026-03-07,16:20:55,1772893255,1
2026-03-07,16:21:17,1772893277,1
2026-03-07,16:21:40,1772893300,1
2026-03-07,16:22:02,1772893322,1
2026-03-07,16:23:09,1772893389,1
2026-03-07,16:23:30,1772893410,1
2026-03-07,16:23:53,1772893433,1
2026-03-07,16:42:13,1772894533,1
2026-03-07,16:42:35,1772894555,1
2026-03-07,16:42:56,1772894576,1
2026-03-07,16:43:56,1772894636,1
2026-03-07,16:44:39,1772894679,1
2026-03-07,16:45:27,1772894727,1
2026-03-07,16:45:49,1772894749,1
2026-03-07,16:46:18,1772894778,1
2026-03-07,16:46:41,1772894801,1
2026-03-07,16:47:02,1772894822,1
2026-03-07,16:47:24,1772894844,1
2026-03-07,16:47:47,1772894867,1
2026-03-07,16:48:10,1772894890,1
2026-03-07,16:48:32,1772894912,1
2026-03-07,16:49:46,1772894986,1
2026-03-07,16:50:07,1772895007,1
2026-03-07,16:50:33,1772895033,1
2026-03-07,16:50:55,1772895055,1
2026-03-07,16:52:19,1772895139,1
2026-03-07,16:55:40,1772895340,1
2026-03-07,16:56:54,1772895414,1
2026-03-07,16:57:15,1772895435,1
2026-03-07,16:57:42,1772895462,1
2026-03-07,16:58:03,1772895483,1
2026-03-07,16:58:26,1772895506,1
2026-03-07,16:58:48,1772895528,1
2026-03-07,16:59:11,1772895551,1
2026-03-07,16:59:33,1772895573,1
2026-03-07,16:59:56,1772895596,1
2026-03-07,17:00:18,1772895618,1
2026-03-07,17:00:39,1772895639,1
2026-03-07,17:01:13,1772895673,1
2026-03-07,17:01:40,1772895700,1
2026-03-07,17:04:10,1772895850,1
2026-03-07,17:07:12,1772896032,1
2026-03-07,17:07:44,1772896064,1
2026-03-07,17:08:22,1772896102,1
2026-03-07,17:08:54,1772896134,1
2026-03-07,17:09:16,1772896156,1
2026-03-07,17:09:38,1772896178,1
2026-03-07,17:11:02,1772896262,1
2026-03-07,17:11:52,1772896312,1
2026-03-07,17:13:24,1772896404,1
2026-03-07,17:13:53,1772896433,1
2026-03-07,17:15:13,1772896513,1
2026-03-07,17:17:01,1772896621,1
2026-03-07,17:17:38,1772896658,1
2026-03-07,17:18:10,1772896690,1
2026-03-07,17:19:24,1772896764,1
2026-03-07,17:20:19,1772896819,1
2026-03-07,17:21:08,1772896868,1
2026-03-07,17:23:16,1772896996,1
2026-03-07,17:24:26,1772897066,1
2026-03-07,17:26:07,1772897167,1
2026-03-07,17:26:30,1772897190,1
2026-03-07,17:26:51,1772897211,1
2026-03-07,17:28:18,1772897298,1
2026-03-07,17:28:38,1772897318,1
2026-03-07,17:29:01,1772897341,1
2026-03-07,17:29:23,1772897363,1
2026-03-07,17:29:46,1772897386,1
2026-03-07,17:30:08,1772897408,1
2026-03-07,17:30:31,1772897431,1
2026-03-07,17:30:53,1772897453,1
2026-03-07,17:31:16,1772897476,1
2026-03-07,17:31:38,1772897498,1
2026-03-07,17:32:01,1772897521,1
2026-03-07,17:32:23,1772897543,1
2026-03-07,17:32:46,1772897566,1
2026-03-07,17:33:08,1772897588,1
2026-03-07,17:33:31,1772897611,1
2026-03-07,17:33:53,1772897633,1
2026-03-07,17:34:16,1772897656,1
2026-03-07,17:34:38,1772897678,1
2026-03-07,17:38:19,1772897899,1
2026-03-07,17:38:42,1772897922,1
2026-03-07,17:39:05,1772897945,1
2026-03-07,17:39:26,1772897966,1
2026-03-07,17:39:48,1772897988,1
2026-03-07,17:40:11,1772898011,1
2026-03-07,17:40:32,1772898032,1
2026-03-07,17:40:54,1772898054,1
2026-03-07,17:41:16,1772898076,1
2026-03-07,17:41:39,1772898099,1
2026-03-07,17:42:01,1772898121,1
2026-03-07,17:42:23,1772898143,1
2026-03-07,17:42:46,1772898166,1
2026-03-07,17:43:08,1772898188,1
2026-03-07,17:43:39,1772898219,1
2026-03-07,17:44:01,1772898241,1
2026-03-07,17:44:23,1772898263,1
2026-03-07,17:44:46,1772898286,1
2026-03-07,17:45:08,1772898308,1
2026-03-07,17:45:31,1772898331,1
2026-03-07,17:45:52,1772898352,1
2026-03-07,17:46:14,1772898374,1
2026-03-07,17:46:37,1772898397,1
2026-03-07,17:46:59,1772898419,1
2026-03-07,17:47:22,1772898442,1
2026-03-07,17:47:44,1772898464,1
2026-03-07,17:48:07,1772898487,1
2026-03-07,17:48:31,1772898511,1
2026-03-07,17:48:52,1772898532,1
2026-03-07,17:49:15,1772898555,1
2026-03-07,17:49:38,1772898578,1
2026-03-07,17:50:00,1772898600,1
2026-03-07,17:50:22,1772898622,1
2026-03-07,17:50:44,1772898644,1
2026-03-07,17:51:30,1772898690,1
2026-03-07,17:51:59,1772898719,1
2026-03-07,17:52:28,1772898748,1
2026-03-07,17:52:51,1772898771,1
2026-03-07,17:57:11,1772899031,1
2026-03-07,17:58:37,1772899117,1
2026-03-07,17:59:00,1772899140,1
2026-03-07,17:59:42,1772899182,1
2026-03-07,18:00:24,1772899224,1
2026-03-07,18:00:45,1772899245,1
2026-03-07,18:01:08,1772899268,1
2026-03-07,18:01:29,1772899289,1
2026-03-07,18:03:10,1772899390,1
2026-03-07,18:03:36,1772899416,1
2026-03-07,18:04:04,1772899444,1
2026-03-07,18:04:25,1772899465,1
2026-03-07,18:04:47,1772899487,1
2026-03-07,18:09:18,1772899758,1
2026-03-07,18:10:26,1772899826,1
2026-03-07,18:10:48,1772899848,1
2026-03-07,18:11:11,1772899871,1
2026-03-07,18:11:33,1772899893,1
2026-03-07,18:11:56,1772899916,1
2026-03-07,18:12:23,1772899943,1
2026-03-07,18:12:46,1772899966,1
2026-03-07,18:13:08,1772899988,1
2026-03-07,18:13:31,1772900011,1
2026-03-07,18:13:53,1772900033,1
2026-03-07,18:14:15,1772900055,1
2026-03-07,18:14:43,1772900083,1
2026-03-07,18:15:05,1772900105,1
2026-03-07,18:16:08,1772900168,1
2026-03-07,18:16:31,1772900191,1
2026-03-07,18:16:53,1772900213,1
2026-03-07,18:17:17,1772900237,1
2026-03-07,18:17:40,1772900260,1
2026-03-07,18:18:01,1772900281,1
2026-03-07,18:18:24,1772900304,1
2026-03-07,18:18:46,1772900326,1
2026-03-07,18:19:09,1772900349,1
2026-03-07,18:19:30,1772900370,1
2026-03-07,18:20:06,1772900406,1
2026-03-07,18:22:39,1772900559,1
2026-03-07,18:23:01,1772900581,1
2026-03-07,18:23:23,1772900603,1
2026-03-07,18:23:46,1772900626,1
2026-03-07,18:24:08,1772900648,1
2026-03-07,18:24:31,1772900671,1
2026-03-07,18:24:53,1772900693,1
2026-03-07,18:25:16,1772900716,1
2026-03-07,18:25:38,1772900738,1
2026-03-07,18:26:01,1772900761,1
2026-03-07,18:26:23,1772900783,1
2026-03-07,18:26:46,1772900806,1
2026-03-07,18:27:08,1772900828,1
2026-03-07,18:27:31,1772900851,1
2026-03-07,18:27:52,1772900872,1
2026-03-07,18:28:14,1772900894,1
2026-03-07,18:28:37,1772900917,1
2026-03-07,18:28:59,1772900939,1
2026-03-07,18:29:22,1772900962,1
2026-03-07,18:29:44,1772900984,1
2026-03-07,18:30:07,1772901007,1
2026-03-07,18:30:29,1772901029,1
2026-03-07,18:30:51,1772901051,1
2026-03-07,18:31:14,1772901074,1
2026-03-07,18:31:37,1772901097,1
2026-03-07,18:31:59,1772901119,1
2026-03-07,18:32:21,1772901141,1
2026-03-07,18:32:44,1772901164,1
2026-03-07,18:33:06,1772901186,1
2026-03-07,18:33:29,1772901209,1
2026-03-07,18:33:51,1772901231,1
2026-03-07,18:34:14,1772901254,1
2026-03-07,18:34:36,1772901276,1
2026-03-07,18:34:59,1772901299,1
2026-03-07,18:35:20,1772901320,1
2026-03-07,18:35:43,1772901343,1
2026-03-07,18:36:04,1772901364,1
2026-03-07,18:39:12,1772901552,1
2026-03-07,18:39:34,1772901574,1
2026-03-07,18:39:57,1772901597,1
2026-03-07,18:40:19,1772901619,1
2026-03-07,18:40:41,1772901641,1
2026-03-07,18:41:08,1772901668,1
2026-03-07,18:41:30,1772901690,1
2026-03-07,18:41:53,1772901713,1
2026-03-07,18:42:15,1772901735,1
2026-03-07,18:42:56,1772901776,1
2026-03-07,18:43:18,1772901798,1
2026-03-07,18:43:41,1772901821,1
2026-03-07,18:44:03,1772901843,1
2026-03-07,18:44:26,1772901866,1
2026-03-07,18:44:48,1772901888,1
2026-03-07,18:45:11,1772901911,1
2026-03-07,18:45:33,1772901933,1
2026-03-07,18:45:56,1772901956,1
2026-03-07,18:46:18,1772901978,1
2026-03-07,18:46:41,1772902001,1
2026-03-07,18:47:03,1772902023,1
2026-03-07,18:49:50,1772902190,1
2026-03-07,18:53:56,1772902436,1
2026-03-07,18:54:16,1772902456,1
2026-03-07,18:55:29,1772902529,1
2026-03-07,18:55:51,1772902551,1
2026-03-07,18:56:21,1772902581,1
2026-03-07,18:56:42,1772902602,1
2026-03-07,18:57:05,1772902625,1
2026-03-07,18:57:27,1772902647,1
2026-03-07,18:57:50,1772902670,1
2026-03-07,18:58:12,1772902692,1
2026-03-07,18:58:35,1772902715,1
2026-03-07,18:58:56,1772902736,1
2026-03-07,18:59:18,1772902758,1
2026-03-07,18:59:41,1772902781,1
2026-03-07,19:00:03,1772902803,1
2026-03-07,19:00:26,1772902826,1
2026-03-07,19:00:48,1772902848,1
2026-03-07,19:01:11,1772902871,1
2026-03-07,19:01:33,1772902893,1
2026-03-07,19:01:56,1772902916,1
2026-03-07,19:02:18,1772902938,1
2026-03-07,19:02:41,1772902961,1
2026-03-07,19:03:03,1772902983,1
2026-03-07,19:03:26,1772903006,1
2026-03-07,19:03:48,1772903028,1
2026-03-07,19:04:11,1772903051,1
2026-03-07,19:04:33,1772903073,1
2026-03-07,19:04:56,1772903096,1
2026-03-07,19:05:18,1772903118,1
2026-03-07,19:05:40,1772903140,1
2026-03-07,19:06:03,1772903163,1
2026-03-07,19:06:26,1772903186,1
2026-03-07,19:06:49,1772903209,1
2026-03-07,19:07:11,1772903231,1
2026-03-07,19:07:34,1772903254,1
2026-03-07,19:08:05,1772903285,1
2026-03-07,19:08:31,1772903311,1
2026-03-07,19:11:37,1772903497,1
2026-03-07,19:23:54,1772904234,1
2026-03-07,19:24:14,1772904254,1
2026-03-07,19:24:36,1772904276,1
2026-03-07,19:24:57,1772904297,1
2026-03-07,19:25:20,1772904320,1
2026-03-07,19:28:26,1772904506,1
2026-03-07,19:30:50,1772904650,1
2026-03-07,19:32:10,1772904730,1
2026-03-07,19:32:38,1772904758,1
2026-03-07,19:33:28,1772904808,1
2026-03-07,19:37:38,1772905058,1
2026-03-07,19:38:08,1772905088,1
2026-03-07,19:38:29,1772905109,1
2026-03-07,19:38:51,1772905131,1
2026-03-07,19:39:14,1772905154,1
2026-03-07,19:39:37,1772905177,1
2026-03-07,19:39:59,1772905199,1
2026-03-07,19:40:22,1772905222,1
2026-03-07,19:40:44,1772905244,1
2026-03-07,19:41:06,1772905266,1
2026-03-07,19:41:28,1772905288,1
2026-03-07,19:41:51,1772905311,1
2026-03-07,19:42:13,1772905333,1
2026-03-07,19:42:36,1772905356,1
2026-03-07,19:42:58,1772905378,1
2026-03-07,19:43:21,1772905401,1
2026-03-07,19:43:44,1772905424,1
2026-03-07,19:44:06,1772905446,1
2026-03-07,19:44:29,1772905469,1
2026-03-07,19:44:51,1772905491,1
2026-03-07,19:45:14,1772905514,1
2026-03-07,19:45:36,1772905536,1
2026-03-07,19:45:59,1772905559,1
2026-03-07,19:46:21,1772905581,1
2026-03-07,19:46:44,1772905604,1
2026-03-07,19:47:06,1772905626,1
2026-03-07,19:47:29,1772905649,1
2026-03-07,19:47:51,1772905671,1
2026-03-07,19:48:14,1772905694,1
2026-03-07,19:48:36,1772905716,1
2026-03-07,19:48:59,1772905739,1
2026-03-07,19:49:21,1772905761,1
2026-03-07,19:49:44,1772905784,1
2026-03-07,19:50:06,1772905806,1
2026-03-07,19:50:29,1772905829,1
2026-03-07,19:50:51,1772905851,1
2026-03-07,19:51:14,1772905874,1
2026-03-07,20:06:00,1772906760,1
2026-03-07,20:06:40,1772906800,1
2026-03-07,20:18:06,1772907486,1
2026-03-07,20:20:03,1772907603,1
2026-03-07,20:20:26,1772907626,1
2026-03-07,20:20:47,1772907647,1
2026-03-07,20:21:09,1772907669,1
2026-03-07,20:21:32,1772907692,1
2026-03-07,20:21:53,1772907713,1
2026-03-07,20:22:42,1772907762,1
2026-03-07,20:23:03,1772907783,1
2026-03-07,20:23:26,1772907806,1
2026-03-07,20:23:49,1772907829,1
2026-03-07,20:24:11,1772907851,1
2026-03-07,20:24:34,1772907874,1
2026-03-07,20:24:55,1772907895,1
2026-03-07,20:25:17,1772907917,1
2026-03-07,20:25:40,1772907940,1
2026-03-07,20:26:03,1772907963,1
2026-03-07,20:26:25,1772907985,1
2026-03-07,20:26:47,1772908007,1
2026-03-07,20:27:10,1772908030,1
2026-03-07,20:27:52,1772908072,1
2026-03-07,20:45:17,1772909117,1
2026-03-07,20:45:39,1772909139,1
2026-03-07,20:46:02,1772909162,1
2026-03-07,20:46:24,1772909184,1
2026-03-07,20:46:47,1772909207,1
2026-03-07,20:47:16,1772909236,1
2026-03-07,20:48:51,1772909331,1
2026-03-07,20:56:02,1772909762,1
2026-03-07,20:56:23,1772909783,1
2026-03-07,20:57:18,1772909838,1
2026-03-07,20:58:28,1772909908,1
2026-03-07,20:59:34,1772909974,1
2026-03-08,07:18:47,1772947127,1
2026-03-08,07:19:08,1772947148,1
2026-03-08,07:19:31,1772947171,1
2026-03-08,07:19:54,1772947194,1
2026-03-08,11:54:26,1772963666,1
2026-03-08,11:54:48,1772963688,1
2026-03-08,11:55:36,1772963736,1
2026-03-08,11:58:18,1772963898,1
2026-03-08,11:58:39,1772963919,1
2026-03-08,12:05:13,1772964313,1
2026-03-08,12:05:36,1772964336,1
2026-03-08,12:05:58,1772964358,1
2026-03-08,12:06:54,1772964414,1
2026-03-08,12:07:15,1772964435,1
2026-03-08,12:07:37,1772964457,1
2026-03-08,12:08:02,1772964482,1
2026-03-08,12:10:23,1772964623,1
2026-03-08,12:10:45,1772964645,1
2026-03-08,12:12:31,1772964751,1
2026-03-08,12:14:21,1772964861,1
2026-03-08,12:15:09,1772964909,1
2026-03-08,12:21:02,1772965262,1
2026-03-08,13:01:16,1772967676,1
2026-03-08,13:02:14,1772967734,1
2026-03-08,13:03:00,1772967780,1
2026-03-08,13:03:33,1772967813,1
2026-03-08,13:03:55,1772967835,1
2026-03-08,13:04:17,1772967857,1
2026-03-08,13:04:40,1772967880,1
2026-03-08,13:05:49,1772967949,1
2026-03-08,13:06:10,1772967970,1
2026-03-08,13:06:32,1772967992,1
2026-03-08,13:06:55,1772968015,1
2026-03-08,13:07:30,1772968050,1
2026-03-08,13:07:52,1772968072,1
2026-03-08,13:08:15,1772968095,1
2026-03-08,13:08:37,1772968117,1
2026-03-08,13:11:02,1772968262,1
2026-03-08,13:11:22,1772968282,1
2026-03-08,13:11:48,1772968308,1
2026-03-08,13:12:11,1772968331,1
2026-03-08,13:12:33,1772968353,1
2026-03-08,13:14:29,1772968469,1
2026-03-08,13:14:49,1772968489,1
2026-03-08,13:15:12,1772968512,1
2026-03-08,13:15:34,1772968534,1
2026-03-08,13:18:19,1772968699,1
2026-03-08,13:19:09,1772968749,1
2026-03-08,13:20:40,1772968840,1
2026-03-08,13:21:01,1772968861,1
2026-03-08,13:21:38,1772968898,1
2026-03-08,13:23:29,1772969009,1
2026-03-08,13:23:50,1772969030,1
2026-03-08,13:24:12,1772969052,1
2026-03-08,13:24:35,1772969075,1
2026-03-08,13:24:58,1772969098,1
2026-03-08,13:26:41,1772969201,1
2026-03-08,13:27:02,1772969222,1
2026-03-08,13:27:25,1772969245,1
2026-03-08,13:27:49,1772969269,1
2026-03-08,13:32:07,1772969527,1
2026-03-08,13:32:28,1772969548,1
2026-03-08,13:32:50,1772969570,1
2026-03-08,13:33:15,1772969595,1
2026-03-08,13:33:39,1772969619,1
2026-03-08,13:35:35,1772969735,1
2026-03-08,13:36:36,1772969796,1
2026-03-08,13:36:57,1772969817,1
2026-03-08,13:37:18,1772969838,1
2026-03-08,13:37:41,1772969861,1
2026-03-08,13:38:03,1772969883,1
2026-03-08,13:53:41,1772970821,1
2026-03-08,13:54:01,1772970841,1
2026-03-08,13:54:24,1772970864,1
2026-03-08,13:54:47,1772970887,1
2026-03-08,13:55:08,1772970908,1
2026-03-08,13:55:31,1772970931,1
2026-03-08,13:55:53,1772970953,1
2026-03-08,13:59:44,1772971184,1
2026-03-08,14:00:04,1772971204,1
2026-03-08,14:00:27,1772971227,1
2026-03-08,14:00:50,1772971250,1
2026-03-08,14:01:12,1772971272,1
2026-03-08,14:01:39,1772971299,1
2026-03-08,14:02:13,1772971333,1
2026-03-08,14:02:35,1772971355,1
2026-03-08,14:02:58,1772971378,1
2026-03-08,14:03:19,1772971399,1
2026-03-08,14:14:52,1772972092,1
2026-03-08,14:16:22,1772972182,1
2026-03-08,14:16:55,1772972215,1
2026-03-08,14:17:47,1772972267,1
2026-03-08,14:21:14,1772972474,1
2026-03-08,14:21:36,1772972496,1
2026-03-08,14:24:15,1772972655,1
2026-03-08,14:24:36,1772972676,1
2026-03-08,14:26:08,1772972768,1
2026-03-08,14:26:31,1772972791,1
2026-03-08,14:26:53,1772972813,1
2026-03-08,14:27:52,1772972872,1
2026-03-08,14:28:15,1772972895,1
2026-03-08,14:30:13,1772973013,1
2026-03-08,14:30:38,1772973038,1
2026-03-08,14:31:17,1772973077,1
2026-03-08,14:31:38,1772973098,1
2026-03-10,07:14:01,1773119641,1
2026-03-10,07:14:23,1773119663,1
2026-03-10,07:14:46,1773119686,1
2026-03-10,07:15:08,1773119708,1
2026-03-10,07:15:31,1773119731,1
2026-03-10,16:56:20,1773154580,1
2026-03-10,16:58:23,1773154703,1
2026-03-10,16:59:05,1773154745,1
2026-03-10,16:59:25,1773154765,1
2026-03-10,16:59:49,1773154789,1
2026-03-10,17:21:57,1773156117,1
2026-03-10,17:22:21,1773156141,1
2026-03-10,17:23:41,1773156221,1
2026-03-10,17:24:07,1773156247,1
2026-03-10,17:25:49,1773156349,1
2026-03-10,17:42:29,1773157349,1
2026-03-10,17:46:08,1773157568,1
2026-03-10,17:48:39,1773157719,1
2026-03-10,17:49:16,1773157756,1
2026-03-10,17:49:38,1773157778,1
2026-03-10,17:50:01,1773157801,1
2026-03-10,19:50:06,1773165006,1
2026-03-10,19:50:27,1773165027,1
2026-03-10,19:50:49,1773165049,1
2026-03-10,19:51:26,1773165086,1
2026-03-10,19:51:48,1773165108,1
2026-03-10,19:52:19,1773165139,1
2026-03-10,19:52:42,1773165162,1
2026-03-10,19:53:04,1773165184,1
2026-03-10,19:53:26,1773165206,1
2026-03-10,19:53:47,1773165227,1
2026-03-10,19:54:08,1773165248,1
2026-03-10,19:54:31,1773165271,1
2026-03-10,19:54:54,1773165294,1
2026-03-10,19:55:16,1773165316,1
2026-03-10,19:55:45,1773165345,1
2026-03-10,19:56:06,1773165366,1
2026-03-10,19:56:27,1773165387,1
2026-03-10,19:56:50,1773165410,1
2026-03-10,19:57:11,1773165431,1
2026-03-10,19:57:34,1773165454,1
2026-03-10,19:57:56,1773165476,1
2026-03-10,19:58:18,1773165498,1
2026-03-10,19:58:43,1773165523,1
2026-03-10,19:59:05,1773165545,1
2026-03-10,19:59:39,1773165579,1
2026-03-10,20:00:04,1773165604,1
2026-03-10,20:00:26,1773165626,1
2026-03-10,20:00:47,1773165647,1
2026-03-10,20:01:10,1773165670,1
2026-03-10,20:01:33,1773165693,1
2026-03-10,20:01:56,1773165716,1
2026-03-10,20:02:18,1773165738,1
2026-03-10,20:04:05,1773165845,1
2026-03-10,20:04:26,1773165866,1
2026-03-10,20:04:49,1773165889,1
2026-03-10,20:05:23,1773165923,1
2026-03-12,07:40:32,1773294032,1
2026-03-12,07:40:54,1773294054,1
2026-03-12,07:41:16,1773294076,1
2026-03-12,07:41:39,1773294099,1
2026-03-12,09:47:41,1773301661,1
2026-03-12,09:48:02,1773301682,1
2026-03-12,09:48:24,1773301704,1
2026-03-12,09:48:47,1773301727,1
2026-03-12,09:49:10,1773301750,1
2026-03-12,09:50:04,1773301804,1
2026-03-12,17:53:32,1773330812,1
2026-03-12,17:53:54,1773330834,1
2026-03-12,17:54:17,1773330857,1
2026-03-12,17:54:39,1773330879,1
2026-03-12,17:55:02,1773330902,1
2026-03-12,17:55:24,1773330924,1
2026-03-13,07:02:49,1773378169,1
2026-03-13,07:03:10,1773378190,1
2026-03-13,16:49:33,1773413373,1
2026-03-13,16:49:54,1773413394,1
2026-03-13,17:09:07,1773414547,1
2026-03-13,17:12:31,1773414751,1
2026-03-13,17:14:07,1773414847,1
2026-03-13,17:14:43,1773414883,1
2026-03-13,17:15:28,1773414928,1
2026-03-13,17:20:25,1773415225,1
2026-03-13,17:21:17,1773415277,1
2026-03-13,17:27:38,1773415658,1
2026-03-13,17:28:00,1773415680,1
2026-03-13,17:29:10,1773415750,1
2026-03-13,17:29:30,1773415770,1
2026-03-13,17:31:14,1773415874,1
2026-03-13,17:32:43,1773415963,1
2026-03-13,17:33:05,1773415985,1
2026-03-13,17:33:33,1773416013,1
2026-03-13,17:33:56,1773416036,1
2026-03-13,17:34:18,1773416058,1
2026-03-13,17:34:39,1773416079,1
2026-03-13,17:35:02,1773416102,1
2026-03-13,17:39:03,1773416343,1
2026-03-13,17:40:30,1773416430,1
2026-03-13,17:44:08,1773416648,1
2026-03-13,17:45:09,1773416709,1
2026-03-13,17:46:26,1773416786,1
2026-03-13,17:46:49,1773416809,1
2026-03-13,17:47:09,1773416829,1
2026-03-13,17:47:59,1773416879,1
2026-03-13,17:48:45,1773416925,1
2026-03-13,17:49:55,1773416995,1
2026-03-13,17:51:39,1773417099,1
2026-03-13,17:54:50,1773417290,1
2026-03-13,17:57:57,1773417477,1
2026-03-13,17:59:16,1773417556,1
2026-03-13,18:01:37,1773417697,1
2026-03-13,18:02:00,1773417720,1
2026-03-13,18:02:23,1773417743,1
2026-03-13,18:02:45,1773417765,1
2026-03-13,18:11:28,1773418288,1
2026-03-13,18:11:59,1773418319,1
2026-03-13,18:21:09,1773418869,1
2026-03-13,18:21:51,1773418911,1
2026-03-13,18:23:02,1773418982,1
2026-03-13,18:23:27,1773419007,1
2026-03-13,18:27:21,1773419241,1
2026-03-13,18:27:51,1773419271,1
2026-03-13,18:29:13,1773419353,1
2026-03-13,18:35:31,1773419731,1
2026-03-13,18:35:57,1773419757,1
2026-03-13,18:42:24,1773420144,1
2026-03-13,18:45:18,1773420318,1
2026-03-13,18:45:40,1773420340,1
2026-03-13,18:46:02,1773420362,1
2026-03-13,18:46:23,1773420383,1
2026-03-13,18:46:46,1773420406,1
2026-03-13,18:47:09,1773420429,1
2026-03-13,18:48:09,1773420489,1
2026-03-13,18:48:43,1773420523,1
2026-03-13,18:49:26,1773420566,1
2026-03-13,18:53:12,1773420792,1
2026-03-13,18:54:33,1773420873,1
2026-03-13,18:56:56,1773421016,1
2026-03-13,19:02:48,1773421368,1
2026-03-13,19:04:52,1773421492,1
2026-03-13,19:05:15,1773421515,1
2026-03-13,19:05:35,1773421535,1
2026-03-13,19:05:56,1773421556,1
2026-03-13,19:06:36,1773421596,1
2026-03-13,19:06:57,1773421617,1
2026-03-13,19:08:47,1773421727,1
2026-03-13,19:09:58,1773421798,1
2026-03-13,19:11:47,1773421907,1
2026-03-13,19:12:12,1773421932,1
2026-03-13,19:12:34,1773421954,1
2026-03-13,19:12:56,1773421976,1
2026-03-13,19:13:19,1773421999,1
2026-03-13,19:14:17,1773422057,1
2026-03-13,19:15:13,1773422113,1
2026-03-13,19:19:01,1773422341,1
2026-03-13,19:19:22,1773422362,1
2026-03-13,19:20:04,1773422404,1
2026-03-13,19:20:26,1773422426,1
2026-03-13,19:20:47,1773422447,1
2026-03-13,19:21:10,1773422470,1
2026-03-13,19:21:32,1773422492,1
2026-03-13,20:31:12,1773426672,1
2026-03-13,20:31:34,1773426694,1
2026-03-13,20:33:22,1773426802,1
2026-03-13,20:34:28,1773426868,1
2026-03-13,20:34:50,1773426890,1
2026-03-13,20:35:13,1773426913,1
2026-03-13,20:35:35,1773426935,1
2026-03-13,20:35:58,1773426958,1
2026-03-13,20:36:20,1773426980,1
2026-03-13,20:42:50,1773427370,1
2026-03-13,20:49:03,1773427743,1
2026-03-13,20:49:03,1773427743,1
2026-03-13,20:49:03,1773427743,1
2026-03-13,20:49:04,1773427744,1
2026-03-13,20:49:04,1773427744,1
2026-03-13,20:49:04,1773427744,1
2026-03-13,20:49:05,1773427745,1
2026-03-13,20:49:05,1773427745,1
2026-03-13,20:49:05,1773427745,1
2026-03-13,20:49:06,1773427746,1
2026-03-13,20:49:06,1773427746,1
2026-03-13,20:49:06,1773427746,1
2026-03-13,20:49:06,1773427746,1
2026-03-13,20:49:07,1773427747,1
2026-03-13,20:49:07,1773427747,1
2026-03-13,20:49:07,1773427747,1
2026-03-13,21:01:55,1773428515,1
2026-03-13,21:05:02,1773428702,1
2026-03-13,21:05:49,1773428749,1
2026-03-13,21:10:51,1773429051,1
2026-03-13,21:11:12,1773429072,1
2026-03-13,21:11:35,1773429095,1
2026-03-14,04:56:49,1773457009,1
2026-03-14,04:57:13,1773457033,1
2026-03-14,04:57:35,1773457055,1
2026-03-14,04:59:05,1773457145,1
2026-03-14,04:59:27,1773457167,1
2026-03-14,04:59:50,1773457190,1
2026-03-14,05:00:12,1773457212,1
2026-03-14,05:00:35,1773457235,1
2026-03-14,05:01:29,1773457289,1
2026-03-14,05:02:44,1773457364,1
2026-03-14,05:04:36,1773457476,1
2026-03-14,05:04:57,1773457497,1
2026-03-14,05:35:04,1773459304,1
2026-03-14,05:40:33,1773459633,1
2026-03-14,05:40:56,1773459656,1
2026-03-14,05:44:51,1773459891,1
2026-03-14,05:45:41,1773459941,1
2026-03-14,05:47:22,1773460042,1
2026-03-14,05:48:04,1773460084,1
2026-03-14,05:48:52,1773460132,1
2026-03-14,05:49:26,1773460166,1
2026-03-14,05:49:49,1773460189,1
2026-03-14,05:51:24,1773460284,1
2026-03-14,05:51:58,1773460318,1
2026-03-14,05:52:23,1773460343,1
2026-03-14,05:52:45,1773460365,1
2026-03-14,05:53:22,1773460402,1
2026-03-14,05:53:45,1773460425,1
2026-03-14,05:54:05,1773460445,1
2026-03-14,05:54:28,1773460468,1
2026-03-14,05:54:49,1773460489,1
2026-03-14,05:55:12,1773460512,1
2026-03-14,05:55:35,1773460535,1
2026-03-14,05:56:55,1773460615,1
2026-03-14,05:57:32,1773460652,1
2026-03-14,05:57:54,1773460674,1
2026-03-14,05:58:21,1773460701,1
2026-03-14,05:58:42,1773460722,1
2026-03-14,07:00:26,1773464426,1
2026-03-14,07:00:47,1773464447,1
2026-03-14,07:01:10,1773464470,1
2026-03-14,14:59:28,1773493168,1
2026-03-14,15:14:01,1773494041,1
2026-03-14,15:33:52,1773495232,1
2026-03-14,15:39:48,1773495588,1
2026-03-14,15:40:30,1773495630,1
2026-03-14,15:41:13,1773495673,1
2026-03-14,15:44:18,1773495858,1
2026-03-14,15:45:48,1773495948,1
2026-03-14,22:11:43,1773519103,1
2026-03-14,23:30:25,1773523825,1
2026-03-14,23:31:05,1773523865,1
2026-03-14,23:31:48,1773523908,1
2026-03-14,23:32:30,1773523950,1
2026-03-14,23:33:12,1773523992,1
2026-03-14,23:33:53,1773524033,1
2026-03-14,23:34:35,1773524075,1
2026-03-14,23:35:38,1773524138,1
2026-03-14,23:36:18,1773524178,1
2026-03-14,23:38:24,1773524304,1
2026-03-14,23:39:39,1773524379,1
2026-03-14,23:46:50,1773524810,1
2026-03-14,23:48:32,1773524912,1
2026-03-14,23:51:52,1773525112,1
2026-03-14,23:52:46,1773525166,1
2026-03-15,11:08:20,1773565700,1
2026-03-15,17:50:02,1773589802,1
2026-03-15,17:50:45,1773589845,1
2026-03-15,17:51:26,1773589886,1
2026-03-15,17:52:09,1773589929,1
2026-03-16,07:22:04,1773638524,1
2026-03-16,07:22:46,1773638566,1
2026-03-16,12:50:20,1773658220,0
2026-03-16,12:50:43,1773658243,1
2026-03-16,12:51:32,1773658292,0
2026-03-16,12:57:52,1773658672,0
2026-03-16,13:02:34,1773658954,1
2026-03-16,13:03:30,1773659010,0
2026-03-16,13:51:20,1773661880,1
2026-03-16,13:52:56,1773661976,0
2026-03-16,13:52:29,1773661949,1
2026-03-16,13:53:34,1773662014,0
2026-03-16,13:53:03,1773661983,1
2026-03-16,13:54:08,1773662048,0
2026-03-16,13:53:37,1773662017,1
2026-03-16,13:54:31,1773662071,0
2026-03-16,13:54:01,1773662041,1
2026-03-16,13:54:56,1773662096,0
2026-03-16,13:54:26,1773662066,1
2026-03-16,13:55:21,1773662121,0
2026-03-16,13:55:41,1773662141,1
2026-03-16,13:56:35,1773662195,0
2026-03-16,13:57:12,1773662232,1
2026-03-16,13:59:13,1773662353,0
2026-03-16,17:49:17,1773676157,1
2026-03-16,17:51:45,1773676305,0
2026-03-16,23:50:47,1773697847,0
2026-03-16,23:54:10,1773698050,1
2026-03-16,23:55:08,1773698108,0
2026-03-16,23:58:34,1773698314,0
2026-03-16,23:58:33,1773698313,1
2026-03-16,23:59:32,1773698372,0
2026-03-17,00:00:23,1773698423,0
2026-03-17,00:02:17,1773698537,1
2026-03-17,00:05:00,1773698700,0
2026-03-17,00:08:53,1773698933,0
2026-03-17,00:08:37,1773698917,1
2026-03-17,00:09:34,1773698974,0
2026-03-17,00:16:31,1773699391,0
2026-03-17,00:16:09,1773699369,1
2026-03-17,00:18:47,1773699527,0
2026-03-17,00:21:37,1773699697,0
